[{"eqptBoard":{"attributes":{"childAction":"","descr":"APIC-SERVER-M2","dn":"topology/pod-1/node-1/sys/ch/bslot/board","hwVer":"A0","id":"0","lcOwn":"local","macB":"","macL":"0","mfgTm":"not-applicable","modTs":"2018-01-10T18:12:54.866+00:00","model":"APIC-SERVER-M2","monPolDn":"uni/fabric/monfab-default","numP":"0","operSt":"unknown","pwrSt":"unknown","rdSt":"unknown","rev":"0","ser":"FCH2035V1AH","status":"","swCId":"0","type":"motherboard","upTs":"1970-01-01T00:00:00.000+00:00","vendor":"Cisco Systems Inc"}}}]