[{"fvBD":{"attributes":{"OptimizeWanBandwidth":"no","annotation":"","arpFlood":"no","bcastP":"225.0.123.96","childAction":"","configIssues":"","descr":"","dn":"uni/tn-jh-a/BD-BD-514","epClear":"no","epMoveDetectMode":"","extMngdBy":"","intersiteBumTrafficAllow":"no","intersiteL2Stretch":"no","ipLearning":"yes","lcOwn":"local","limitIpLearnToSubnets":"yes","llAddr":"::","mac":"00:22:BD:F8:19:FF","mcastAllow":"no","modTs":"2019-04-23T11:58:34.771+00:00","monPolDn":"uni/tn-common/monepg-default","mtu":"inherit","multiDstPktAct":"bd-flood","name":"BD-514","nameAlias":"","ownerKey":"","ownerTag":"","pcTag":"16398","scope":"2555904","seg":"16056266","status":"","type":"regular","uid":"15374","unicastRoute":"yes","unkMacUcastAct":"proxy","unkMcastAct":"flood","vmac":"not-applicable"}}},{"fvBD":{"attributes":{"OptimizeWanBandwidth":"no","annotation":"","arpFlood":"no","bcastP":"225.0.176.224","childAction":"","configIssues":"","descr":"","dn":"uni/tn-jh-a/BD-BD-515","epClear":"no","epMoveDetectMode":"","extMngdBy":"","intersiteBumTrafficAllow":"no","intersiteL2Stretch":"no","ipLearning":"yes","lcOwn":"local","limitIpLearnToSubnets":"yes","llAddr":"::","mac":"00:22:BD:F8:19:FF","mcastAllow":"no","modTs":"2019-04-23T11:58:34.933+00:00","monPolDn":"uni/tn-common/monepg-default","mtu":"inherit","multiDstPktAct":"bd-flood","name":"BD-515","nameAlias":"","ownerKey":"","ownerTag":"","pcTag":"49155","scope":"2555904","seg":"16056267","status":"","type":"regular","uid":"15374","unicastRoute":"yes","unkMacUcastAct":"proxy","unkMcastAct":"flood","vmac":"not-applicable"}}},{"fvBD":{"attributes":{"OptimizeWanBandwidth":"no","annotation":"","arpFlood":"no","bcastP":"225.1.68.80","childAction":"","configIssues":"","descr":"","dn":"uni/tn-jh-a/BD-BD-516","epClear":"no","epMoveDetectMode":"","extMngdBy":"","intersiteBumTrafficAllow":"no","intersiteL2Stretch":"no","ipLearning":"yes","lcOwn":"local","limitIpLearnToSubnets":"yes","llAddr":"::","mac":"00:22:BD:F8:19:FF","mcastAllow":"no","modTs":"2019-04-23T11:58:35.163+00:00","monPolDn":"uni/tn-common/monepg-default","mtu":"inherit","multiDstPktAct":"bd-flood","name":"BD-516","nameAlias":"","ownerKey":"","ownerTag":"","pcTag":"16399","scope":"2555904","seg":"16514960","status":"","type":"regular","uid":"15374","unicastRoute":"yes","unkMacUcastAct":"proxy","unkMcastAct":"flood","vmac":"not-applicable"}}},{"fvBD":{"attributes":{"OptimizeWanBandwidth":"no","annotation":"","arpFlood":"no","bcastP":"225.1.8.80","childAction":"","configIssues":"","descr":"","dn":"uni/tn-jh-a/BD-BD-517","epClear":"no","epMoveDetectMode":"","extMngdBy":"","intersiteBumTrafficAllow":"no","intersiteL2Stretch":"no","ipLearning":"yes","lcOwn":"local","limitIpLearnToSubnets":"yes","llAddr":"::","mac":"00:22:BD:F8:19:FF","mcastAllow":"no","modTs":"2019-04-23T11:58:35.323+00:00","monPolDn":"uni/tn-common/monepg-default","mtu":"inherit","multiDstPktAct":"bd-flood","name":"BD-517","nameAlias":"","ownerKey":"","ownerTag":"","pcTag":"16400","scope":"2555904","seg":"16514961","status":"","type":"regular","uid":"15374","unicastRoute":"yes","unkMacUcastAct":"proxy","unkMcastAct":"flood","vmac":"not-applicable"}}},{"fvBD":{"attributes":{"OptimizeWanBandwidth":"no","annotation":"","arpFlood":"no","bcastP":"225.0.17.192","childAction":"","configIssues":"","descr":"","dn":"uni/tn-jh-a/BD-BD-518","epClear":"no","epMoveDetectMode":"","extMngdBy":"","intersiteBumTrafficAllow":"no","intersiteL2Stretch":"no","ipLearning":"yes","lcOwn":"local","limitIpLearnToSubnets":"yes","llAddr":"::","mac":"00:22:BD:F8:19:FF","mcastAllow":"no","modTs":"2019-04-23T11:58:35.484+00:00","monPolDn":"uni/tn-common/monepg-default","mtu":"inherit","multiDstPktAct":"bd-flood","name":"BD-518","nameAlias":"","ownerKey":"","ownerTag":"","pcTag":"16401","scope":"2555904","seg":"16351140","status":"","type":"regular","uid":"15374","unicastRoute":"yes","unkMacUcastAct":"proxy","unkMcastAct":"flood","vmac":"not-applicable"}}},{"fvBD":{"attributes":{"OptimizeWanBandwidth":"no","annotation":"","arpFlood":"no","bcastP":"225.1.60.128","childAction":"","configIssues":"","descr":"","dn":"uni/tn-jh-a/BD-BD-519","epClear":"no","epMoveDetectMode":"","extMngdBy":"","intersiteBumTrafficAllow":"no","intersiteL2Stretch":"no","ipLearning":"yes","lcOwn":"local","limitIpLearnToSubnets":"yes","llAddr":"::","mac":"00:22:BD:F8:19:FF","mcastAllow":"no","modTs":"2019-04-23T11:58:35.635+00:00","monPolDn":"uni/tn-common/monepg-default","mtu":"inherit","multiDstPktAct":"bd-flood","name":"BD-519","nameAlias":"","ownerKey":"","ownerTag":"","pcTag":"32774","scope":"2555904","seg":"16711545","status":"","type":"regular","uid":"15374","unicastRoute":"yes","unkMacUcastAct":"proxy","unkMcastAct":"flood","vmac":"not-applicable"}}},{"fvBD":{"attributes":{"OptimizeWanBandwidth":"no","annotation":"","arpFlood":"no","bcastP":"225.0.248.32","childAction":"","configIssues":"","descr":"","dn":"uni/tn-jh-a/BD-BD-520","epClear":"no","epMoveDetectMode":"","extMngdBy":"","intersiteBumTrafficAllow":"no","intersiteL2Stretch":"no","ipLearning":"yes","lcOwn":"local","limitIpLearnToSubnets":"yes","llAddr":"::","mac":"00:22:BD:F8:19:FF","mcastAllow":"no","modTs":"2019-04-23T11:58:35.781+00:00","monPolDn":"uni/tn-common/monepg-default","mtu":"inherit","multiDstPktAct":"bd-flood","name":"BD-520","nameAlias":"","ownerKey":"","ownerTag":"","pcTag":"16402","scope":"2555904","seg":"16154555","status":"","type":"regular","uid":"15374","unicastRoute":"yes","unkMacUcastAct":"proxy","unkMcastAct":"flood","vmac":"not-applicable"}}},{"fvBD":{"attributes":{"OptimizeWanBandwidth":"no","annotation":"","arpFlood":"no","bcastP":"225.1.86.80","childAction":"","configIssues":"","descr":"","dn":"uni/tn-common/BD-default","epClear":"no","epMoveDetectMode":"","extMngdBy":"","intersiteBumTrafficAllow":"no","intersiteL2Stretch":"no","ipLearning":"yes","lcOwn":"local","limitIpLearnToSubnets":"yes","llAddr":"::","mac":"00:22:BD:F8:19:FF","mcastAllow":"no","modTs":"2018-01-10T18:09:56.268+00:00","monPolDn":"uni/tn-common/monepg-default","mtu":"inherit","multiDstPktAct":"bd-flood","name":"default","nameAlias":"","ownerKey":"","ownerTag":"","pcTag":"32771","scope":"2981888","seg":"15990734","status":"","type":"regular","uid":"0","unicastRoute":"yes","unkMacUcastAct":"proxy","unkMcastAct":"flood","vmac":"not-applicable"}}},{"fvBD":{"attributes":{"OptimizeWanBandwidth":"no","annotation":"","arpFlood":"no","bcastP":"225.0.79.32","childAction":"","configIssues":"","descr":"","dn":"uni/tn-infra/BD-ave-ctrl","epClear":"no","epMoveDetectMode":"","extMngdBy":"","intersiteBumTrafficAllow":"no","intersiteL2Stretch":"no","ipLearning":"yes","lcOwn":"local","limitIpLearnToSubnets":"yes","llAddr":"::","mac":"00:22:BD:F8:19:FF","mcastAllow":"no","modTs":"2018-10-01T11:51:34.125+00:00","monPolDn":"uni/tn-common/monepg-default","mtu":"inherit","multiDstPktAct":"bd-flood","name":"ave-ctrl","nameAlias":"","ownerKey":"","ownerTag":"","pcTag":"32770","scope":"2097153","seg":"15990736","status":"","type":"regular","uid":"0","unicastRoute":"yes","unkMacUcastAct":"proxy","unkMcastAct":"flood","vmac":"not-applicable"}}},{"fvBD":{"attributes":{"OptimizeWanBandwidth":"no","annotation":"","arpFlood":"no","bcastP":"225.0.0.16","childAction":"","configIssues":"","descr":"","dn":"uni/tn-infra/BD-default","epClear":"no","epMoveDetectMode":"","extMngdBy":"","intersiteBumTrafficAllow":"no","intersiteL2Stretch":"no","ipLearning":"yes","lcOwn":"local","limitIpLearnToSubnets":"yes","llAddr":"::","mac":"00:22:BD:F8:19:FF","mcastAllow":"no","modTs":"2018-01-10T18:09:56.186+00:00","monPolDn":"uni/tn-common/monepg-default","mtu":"inherit","multiDstPktAct":"bd-flood","name":"default","nameAlias":"","ownerKey":"","ownerTag":"","pcTag":"49153","scope":"16777199","seg":"16777209","status":"","type":"regular","uid":"0","unicastRoute":"yes","unkMacUcastAct":"proxy","unkMcastAct":"flood","vmac":"not-applicable"}}},{"fvBD":{"attributes":{"OptimizeWanBandwidth":"no","annotation":"","arpFlood":"no","bcastP":"225.0.20.80","childAction":"","configIssues":"","descr":"","dn":"uni/tn-mgmt/BD-inb","epClear":"no","epMoveDetectMode":"","extMngdBy":"","intersiteBumTrafficAllow":"no","intersiteL2Stretch":"no","ipLearning":"yes","lcOwn":"local","limitIpLearnToSubnets":"yes","llAddr":"::","mac":"00:22:BD:F8:19:FF","mcastAllow":"no","modTs":"2018-01-10T18:09:56.288+00:00","monPolDn":"uni/tn-common/monepg-default","mtu":"inherit","multiDstPktAct":"bd-flood","name":"inb","nameAlias":"","ownerKey":"","ownerTag":"","pcTag":"32770","scope":"2883584","seg":"16252846","status":"","type":"regular","uid":"0","unicastRoute":"yes","unkMacUcastAct":"proxy","unkMcastAct":"flood","vmac":"not-applicable"}}},{"fvBD":{"attributes":{"OptimizeWanBandwidth":"no","annotation":"","arpFlood":"yes","bcastP":"225.1.89.128","childAction":"","configIssues":"","descr":"","dn":"uni/tn-Tenant3/BD-Database","epClear":"no","epMoveDetectMode":"garp","extMngdBy":"","intersiteBumTrafficAllow":"no","intersiteL2Stretch":"no","ipLearning":"yes","lcOwn":"local","limitIpLearnToSubnets":"yes","llAddr":"::","mac":"00:22:BD:F8:19:FF","mcastAllow":"no","modTs":"2018-04-01T00:58:48.450+00:00","monPolDn":"uni/tn-common/monepg-default","mtu":"inherit","multiDstPktAct":"bd-flood","name":"Database","nameAlias":"","ownerKey":"","ownerTag":"","pcTag":"32771","scope":"3112960","seg":"16121792","status":"","type":"regular","uid":"15374","unicastRoute":"yes","unkMacUcastAct":"proxy","unkMcastAct":"flood","vmac":"not-applicable"}}},{"fvBD":{"attributes":{"OptimizeWanBandwidth":"no","annotation":"","arpFlood":"no","bcastP":"225.0.60.240","childAction":"","configIssues":"","descr":"","dn":"uni/tn-mgmt/BD-oob","epClear":"no","epMoveDetectMode":"","extMngdBy":"","intersiteBumTrafficAllow":"no","intersiteL2Stretch":"no","ipLearning":"yes","lcOwn":"local","limitIpLearnToSubnets":"no","llAddr":"::","mac":"00:22:BD:F8:19:FF","mcastAllow":"no","modTs":"2018-03-29T14:26:40.061+00:00","monPolDn":"uni/tn-common/monepg-default","mtu":"inherit","multiDstPktAct":"bd-flood","name":"oob","nameAlias":"","ownerKey":"","ownerTag":"","pcTag":"16388","scope":"2981889","seg":"16089026","status":"","type":"regular","uid":"15374","unicastRoute":"yes","unkMacUcastAct":"proxy","unkMcastAct":"flood","vmac":"not-applicable"}}},{"fvBD":{"attributes":{"OptimizeWanBandwidth":"no","annotation":"","arpFlood":"no","bcastP":"225.1.62.208","childAction":"","configIssues":"","descr":"","dn":"uni/tn-Tenanant2/BD-BD-TEN2-WEB","epClear":"no","epMoveDetectMode":"","extMngdBy":"","intersiteBumTrafficAllow":"no","intersiteL2Stretch":"no","ipLearning":"yes","lcOwn":"local","limitIpLearnToSubnets":"no","llAddr":"::","mac":"00:22:BD:F8:19:FF","mcastAllow":"no","modTs":"2018-03-25T21:43:31.539+00:00","monPolDn":"uni/tn-common/monepg-default","mtu":"inherit","multiDstPktAct":"bd-flood","name":"BD-TEN2-WEB","nameAlias":"","ownerKey":"","ownerTag":"","pcTag":"49154","scope":"3080192","seg":"16285611","status":"","type":"regular","uid":"15374","unicastRoute":"yes","unkMacUcastAct":"proxy","unkMcastAct":"flood","vmac":"not-applicable"}}},{"fvBD":{"attributes":{"OptimizeWanBandwidth":"no","annotation":"","arpFlood":"no","bcastP":"225.0.14.48","childAction":"","configIssues":"","descr":"","dn":"uni/tn-My-Tenant/BD-My-Bd","epClear":"no","epMoveDetectMode":"","extMngdBy":"","intersiteBumTrafficAllow":"no","intersiteL2Stretch":"no","ipLearning":"yes","lcOwn":"local","limitIpLearnToSubnets":"yes","llAddr":"::","mac":"00:22:BD:F8:19:FF","mcastAllow":"no","modTs":"2019-02-20T10:07:10.588+00:00","monPolDn":"uni/tn-common/monepg-default","mtu":"inherit","multiDstPktAct":"bd-flood","name":"My-Bd","nameAlias":"","ownerKey":"","ownerTag":"","pcTag":"16387","scope":"2916352","seg":"15925209","status":"","type":"regular","uid":"15374","unicastRoute":"yes","unkMacUcastAct":"proxy","unkMcastAct":"flood","vmac":"not-applicable"}}},{"fvBD":{"attributes":{"OptimizeWanBandwidth":"no","annotation":"","arpFlood":"no","bcastP":"225.1.141.224","childAction":"","configIssues":"","descr":"","dn":"uni/tn-Tenanant2/BD-TEN2-BD-WEB-SHARED","epClear":"no","epMoveDetectMode":"","extMngdBy":"","intersiteBumTrafficAllow":"no","intersiteL2Stretch":"no","ipLearning":"yes","lcOwn":"local","limitIpLearnToSubnets":"no","llAddr":"::","mac":"00:22:BD:F8:19:FF","mcastAllow":"no","modTs":"2018-03-26T00:22:48.470+00:00","monPolDn":"uni/tn-common/monepg-default","mtu":"inherit","multiDstPktAct":"bd-flood","name":"TEN2-BD-WEB-SHARED","nameAlias":"","ownerKey":"","ownerTag":"","pcTag":"49154","scope":"2162688","seg":"16252849","status":"","type":"regular","uid":"15374","unicastRoute":"yes","unkMacUcastAct":"proxy","unkMcastAct":"flood","vmac":"not-applicable"}}},{"fvBD":{"attributes":{"OptimizeWanBandwidth":"no","annotation":"","arpFlood":"no","bcastP":"225.1.172.144","childAction":"","configIssues":"","descr":"","dn":"uni/tn-Tenant1/BD-BD-TEN1-WEB","epClear":"no","epMoveDetectMode":"","extMngdBy":"","intersiteBumTrafficAllow":"no","intersiteL2Stretch":"no","ipLearning":"yes","lcOwn":"local","limitIpLearnToSubnets":"no","llAddr":"::","mac":"00:22:BD:F8:19:FF","mcastAllow":"no","modTs":"2018-03-25T22:30:21.999+00:00","monPolDn":"uni/tn-common/monepg-default","mtu":"inherit","multiDstPktAct":"bd-flood","name":"BD-TEN1-WEB","nameAlias":"","ownerKey":"","ownerTag":"","pcTag":"49153","scope":"3047424","seg":"15826915","status":"","type":"regular","uid":"15374","unicastRoute":"yes","unkMacUcastAct":"proxy","unkMcastAct":"flood","vmac":"not-applicable"}}},{"fvBD":{"attributes":{"OptimizeWanBandwidth":"no","annotation":"","arpFlood":"yes","bcastP":"225.1.10.208","childAction":"","configIssues":"","descr":"","dn":"uni/tn-Tenant1/BD-BD-TEN1-1","epClear":"no","epMoveDetectMode":"garp","extMngdBy":"","intersiteBumTrafficAllow":"no","intersiteL2Stretch":"no","ipLearning":"yes","lcOwn":"local","limitIpLearnToSubnets":"no","llAddr":"::","mac":"00:22:BD:F8:19:FF","mcastAllow":"no","modTs":"2018-03-25T17:27:42.875+00:00","monPolDn":"uni/tn-common/monepg-default","mtu":"inherit","multiDstPktAct":"bd-flood","name":"BD-TEN1-1","nameAlias":"","ownerKey":"","ownerTag":"","pcTag":"16386","scope":"2523136","seg":"15859679","status":"","type":"regular","uid":"15374","unicastRoute":"yes","unkMacUcastAct":"proxy","unkMcastAct":"flood","vmac":"not-applicable"}}},{"fvBD":{"attributes":{"OptimizeWanBandwidth":"no","annotation":"","arpFlood":"no","bcastP":"225.0.98.208","childAction":"","configIssues":"","descr":"","dn":"uni/tn-jh-a/BD-BD-509","epClear":"no","epMoveDetectMode":"","extMngdBy":"","intersiteBumTrafficAllow":"no","intersiteL2Stretch":"no","ipLearning":"yes","lcOwn":"local","limitIpLearnToSubnets":"no","llAddr":"::","mac":"00:22:BD:F8:19:FF","mcastAllow":"no","modTs":"2018-05-08T14:05:43.419+00:00","monPolDn":"uni/tn-common/monepg-default","mtu":"inherit","multiDstPktAct":"bd-flood","name":"BD-509","nameAlias":"","ownerKey":"","ownerTag":"","pcTag":"32772","scope":"2555904","seg":"16285614","status":"","type":"regular","uid":"15374","unicastRoute":"yes","unkMacUcastAct":"proxy","unkMcastAct":"flood","vmac":"not-applicable"}}},{"fvBD":{"attributes":{"OptimizeWanBandwidth":"no","annotation":"","arpFlood":"no","bcastP":"225.0.161.112","childAction":"","configIssues":"","descr":"","dn":"uni/tn-common/BD-HC-BD-VRF","epClear":"no","epMoveDetectMode":"","extMngdBy":"","intersiteBumTrafficAllow":"no","intersiteL2Stretch":"no","ipLearning":"yes","lcOwn":"local","limitIpLearnToSubnets":"no","llAddr":"::","mac":"00:22:BD:F8:19:FF","mcastAllow":"no","modTs":"2018-03-29T21:30:26.317+00:00","monPolDn":"uni/tn-common/monepg-default","mtu":"inherit","multiDstPktAct":"bd-flood","name":"HC-BD-VRF","nameAlias":"","ownerKey":"","ownerTag":"","pcTag":"16386","scope":"2785281","seg":"16547722","status":"","type":"regular","uid":"15374","unicastRoute":"yes","unkMacUcastAct":"proxy","unkMcastAct":"flood","vmac":"not-applicable"}}},{"fvBD":{"attributes":{"OptimizeWanBandwidth":"no","annotation":"","arpFlood":"no","bcastP":"225.1.84.64","childAction":"","configIssues":"","descr":"","dn":"uni/tn-jh-a/BD-BD-503","epClear":"no","epMoveDetectMode":"","extMngdBy":"","intersiteBumTrafficAllow":"no","intersiteL2Stretch":"no","ipLearning":"yes","lcOwn":"local","limitIpLearnToSubnets":"no","llAddr":"::","mac":"00:22:BD:F8:19:FF","mcastAllow":"no","modTs":"2018-05-08T14:05:42.449+00:00","monPolDn":"uni/tn-common/monepg-default","mtu":"inherit","multiDstPktAct":"bd-flood","name":"BD-503","nameAlias":"","ownerKey":"","ownerTag":"","pcTag":"16390","scope":"2555904","seg":"15761388","status":"","type":"regular","uid":"15374","unicastRoute":"yes","unkMacUcastAct":"proxy","unkMcastAct":"flood","vmac":"not-applicable"}}},{"fvBD":{"attributes":{"OptimizeWanBandwidth":"no","annotation":"","arpFlood":"no","bcastP":"225.1.10.144","childAction":"","configIssues":"","descr":"","dn":"uni/tn-test123/BD-test-bd","epClear":"no","epMoveDetectMode":"","extMngdBy":"","intersiteBumTrafficAllow":"no","intersiteL2Stretch":"no","ipLearning":"yes","lcOwn":"local","limitIpLearnToSubnets":"no","llAddr":"::","mac":"00:22:BD:F8:19:FF","mcastAllow":"no","modTs":"2018-02-28T12:42:59.564+00:00","monPolDn":"uni/tn-common/monepg-default","mtu":"inherit","multiDstPktAct":"bd-flood","name":"test-bd","nameAlias":"","ownerKey":"","ownerTag":"","pcTag":"32771","scope":"2719744","seg":"16711543","status":"","type":"regular","uid":"15374","unicastRoute":"yes","unkMacUcastAct":"proxy","unkMcastAct":"flood","vmac":"not-applicable"}}},{"fvBD":{"attributes":{"OptimizeWanBandwidth":"no","annotation":"","arpFlood":"yes","bcastP":"225.1.160.208","childAction":"","configIssues":"","descr":"","dn":"uni/tn-nh/BD-bd-205","epClear":"no","epMoveDetectMode":"","extMngdBy":"","intersiteBumTrafficAllow":"no","intersiteL2Stretch":"no","ipLearning":"yes","lcOwn":"local","limitIpLearnToSubnets":"no","llAddr":"::","mac":"00:22:BD:F8:19:FF","mcastAllow":"no","modTs":"2018-10-03T09:57:51.889+00:00","monPolDn":"uni/tn-common/monepg-default","mtu":"inherit","multiDstPktAct":"bd-flood","name":"bd-205","nameAlias":"","ownerKey":"","ownerTag":"","pcTag":"49154","scope":"2260992","seg":"16285610","status":"","type":"regular","uid":"15374","unicastRoute":"yes","unkMacUcastAct":"proxy","unkMcastAct":"flood","vmac":"not-applicable"}}},{"fvBD":{"attributes":{"OptimizeWanBandwidth":"no","annotation":"","arpFlood":"no","bcastP":"225.0.174.16","childAction":"","configIssues":"","descr":"","dn":"uni/tn-nh/BD-bd-203","epClear":"no","epMoveDetectMode":"","extMngdBy":"","intersiteBumTrafficAllow":"no","intersiteL2Stretch":"no","ipLearning":"yes","lcOwn":"local","limitIpLearnToSubnets":"yes","llAddr":"::","mac":"00:22:BD:F8:19:FF","mcastAllow":"yes","modTs":"2018-12-03T15:44:38.354+00:00","monPolDn":"uni/tn-common/monepg-default","mtu":"inherit","multiDstPktAct":"bd-flood","name":"bd-203","nameAlias":"","ownerKey":"","ownerTag":"","pcTag":"16390","scope":"2260992","seg":"16678779","status":"","type":"regular","uid":"15374","unicastRoute":"yes","unkMacUcastAct":"proxy","unkMcastAct":"flood","vmac":"not-applicable"}}},{"fvBD":{"attributes":{"OptimizeWanBandwidth":"no","annotation":"","arpFlood":"yes","bcastP":"225.1.82.240","childAction":"","configIssues":"","descr":"","dn":"uni/tn-nh/BD-bd-202","epClear":"no","epMoveDetectMode":"","extMngdBy":"","intersiteBumTrafficAllow":"no","intersiteL2Stretch":"no","ipLearning":"yes","lcOwn":"local","limitIpLearnToSubnets":"yes","llAddr":"::","mac":"00:22:BD:F8:19:FF","mcastAllow":"no","modTs":"2019-03-20T12:05:50.510+00:00","monPolDn":"uni/tn-common/monepg-default","mtu":"inherit","multiDstPktAct":"bd-flood","name":"bd-202","nameAlias":"","ownerKey":"","ownerTag":"","pcTag":"49158","scope":"2260992","seg":"15564693","status":"","type":"regular","uid":"15374","unicastRoute":"yes","unkMacUcastAct":"flood","unkMcastAct":"flood","vmac":"not-applicable"}}},{"fvBD":{"attributes":{"OptimizeWanBandwidth":"no","annotation":"","arpFlood":"no","bcastP":"225.0.142.160","childAction":"","configIssues":"","descr":"","dn":"uni/tn-jh-a/BD-BD-501","epClear":"no","epMoveDetectMode":"","extMngdBy":"","intersiteBumTrafficAllow":"no","intersiteL2Stretch":"no","ipLearning":"yes","lcOwn":"local","limitIpLearnToSubnets":"no","llAddr":"::","mac":"00:22:BD:F8:19:FF","mcastAllow":"no","modTs":"2018-05-08T13:15:32.113+00:00","monPolDn":"uni/tn-common/monepg-default","mtu":"inherit","multiDstPktAct":"bd-flood","name":"BD-501","nameAlias":"","ownerKey":"","ownerTag":"","pcTag":"16388","scope":"2555904","seg":"16089027","status":"","type":"regular","uid":"15374","unicastRoute":"yes","unkMacUcastAct":"proxy","unkMcastAct":"flood","vmac":"not-applicable"}}},{"fvBD":{"attributes":{"OptimizeWanBandwidth":"no","annotation":"","arpFlood":"no","bcastP":"225.0.41.208","childAction":"","configIssues":"","descr":"","dn":"uni/tn-jh-a/BD-jh-bd-100","epClear":"no","epMoveDetectMode":"","extMngdBy":"","intersiteBumTrafficAllow":"no","intersiteL2Stretch":"no","ipLearning":"yes","lcOwn":"local","limitIpLearnToSubnets":"no","llAddr":"::","mac":"00:22:BD:F8:19:FF","mcastAllow":"no","modTs":"2018-05-07T14:15:44.635+00:00","monPolDn":"uni/tn-common/monepg-default","mtu":"inherit","multiDstPktAct":"bd-flood","name":"jh-bd-100","nameAlias":"","ownerKey":"","ownerTag":"","pcTag":"16386","scope":"2555904","seg":"16482195","status":"","type":"regular","uid":"15374","unicastRoute":"yes","unkMacUcastAct":"proxy","unkMcastAct":"flood","vmac":"not-applicable"}}},{"fvBD":{"attributes":{"OptimizeWanBandwidth":"no","annotation":"","arpFlood":"no","bcastP":"225.0.46.48","childAction":"","configIssues":"","descr":"","dn":"uni/tn-jh-a/BD-BD-505","epClear":"no","epMoveDetectMode":"","extMngdBy":"","intersiteBumTrafficAllow":"no","intersiteL2Stretch":"no","ipLearning":"yes","lcOwn":"local","limitIpLearnToSubnets":"no","llAddr":"::","mac":"00:22:BD:F8:19:FF","mcastAllow":"no","modTs":"2018-05-08T14:05:42.784+00:00","monPolDn":"uni/tn-common/monepg-default","mtu":"inherit","multiDstPktAct":"bd-flood","name":"BD-505","nameAlias":"","ownerKey":"","ownerTag":"","pcTag":"32771","scope":"2555904","seg":"15826916","status":"","type":"regular","uid":"15374","unicastRoute":"yes","unkMacUcastAct":"proxy","unkMcastAct":"flood","vmac":"not-applicable"}}},{"fvBD":{"attributes":{"OptimizeWanBandwidth":"no","annotation":"","arpFlood":"no","bcastP":"225.1.23.144","childAction":"","configIssues":"","descr":"","dn":"uni/tn-jh-a/BD-BD-511","epClear":"no","epMoveDetectMode":"","extMngdBy":"","intersiteBumTrafficAllow":"no","intersiteL2Stretch":"no","ipLearning":"yes","lcOwn":"local","limitIpLearnToSubnets":"no","llAddr":"::","mac":"00:22:BD:F8:19:FF","mcastAllow":"no","modTs":"2018-05-08T14:05:43.748+00:00","monPolDn":"uni/tn-common/monepg-default","mtu":"inherit","multiDstPktAct":"bd-flood","name":"BD-511","nameAlias":"","ownerKey":"","ownerTag":"","pcTag":"16395","scope":"2555904","seg":"16056264","status":"","type":"regular","uid":"15374","unicastRoute":"yes","unkMacUcastAct":"proxy","unkMcastAct":"flood","vmac":"not-applicable"}}},{"fvBD":{"attributes":{"OptimizeWanBandwidth":"no","annotation":"","arpFlood":"no","bcastP":"225.0.128.144","childAction":"","configIssues":"","descr":"","dn":"uni/tn-jh-a/BD-BD-508","epClear":"no","epMoveDetectMode":"","extMngdBy":"","intersiteBumTrafficAllow":"no","intersiteL2Stretch":"no","ipLearning":"yes","lcOwn":"local","limitIpLearnToSubnets":"no","llAddr":"::","mac":"00:22:BD:F8:19:FF","mcastAllow":"no","modTs":"2018-05-08T14:05:43.263+00:00","monPolDn":"uni/tn-common/monepg-default","mtu":"inherit","multiDstPktAct":"bd-flood","name":"BD-508","nameAlias":"","ownerKey":"","ownerTag":"","pcTag":"49153","scope":"2555904","seg":"16187318","status":"","type":"regular","uid":"15374","unicastRoute":"yes","unkMacUcastAct":"proxy","unkMcastAct":"flood","vmac":"not-applicable"}}},{"fvBD":{"attributes":{"OptimizeWanBandwidth":"no","annotation":"","arpFlood":"no","bcastP":"225.0.97.192","childAction":"","configIssues":"","descr":"","dn":"uni/tn-jh-a/BD-BD-507","epClear":"no","epMoveDetectMode":"","extMngdBy":"","intersiteBumTrafficAllow":"no","intersiteL2Stretch":"no","ipLearning":"yes","lcOwn":"local","limitIpLearnToSubnets":"no","llAddr":"::","mac":"00:22:BD:F8:19:FF","mcastAllow":"no","modTs":"2018-05-08T14:05:43.106+00:00","monPolDn":"uni/tn-common/monepg-default","mtu":"inherit","multiDstPktAct":"bd-flood","name":"BD-507","nameAlias":"","ownerKey":"","ownerTag":"","pcTag":"16393","scope":"2555904","seg":"16383902","status":"","type":"regular","uid":"15374","unicastRoute":"yes","unkMacUcastAct":"proxy","unkMcastAct":"flood","vmac":"not-applicable"}}},{"fvBD":{"attributes":{"OptimizeWanBandwidth":"no","annotation":"","arpFlood":"no","bcastP":"225.1.113.224","childAction":"","configIssues":"","descr":"","dn":"uni/tn-jh-a/BD-BD-506","epClear":"no","epMoveDetectMode":"","extMngdBy":"","intersiteBumTrafficAllow":"no","intersiteL2Stretch":"no","ipLearning":"yes","lcOwn":"local","limitIpLearnToSubnets":"no","llAddr":"::","mac":"00:22:BD:F8:19:FF","mcastAllow":"no","modTs":"2018-05-08T14:05:42.941+00:00","monPolDn":"uni/tn-common/monepg-default","mtu":"inherit","multiDstPktAct":"bd-flood","name":"BD-506","nameAlias":"","ownerKey":"","ownerTag":"","pcTag":"16392","scope":"2555904","seg":"16285613","status":"","type":"regular","uid":"15374","unicastRoute":"yes","unkMacUcastAct":"proxy","unkMcastAct":"flood","vmac":"not-applicable"}}},{"fvBD":{"attributes":{"OptimizeWanBandwidth":"no","annotation":"","arpFlood":"no","bcastP":"225.1.153.240","childAction":"","configIssues":"","descr":"","dn":"uni/tn-jh-a/BD-BD-510","epClear":"no","epMoveDetectMode":"","extMngdBy":"","intersiteBumTrafficAllow":"no","intersiteL2Stretch":"no","ipLearning":"yes","lcOwn":"local","limitIpLearnToSubnets":"no","llAddr":"::","mac":"00:22:BD:F8:19:FF","mcastAllow":"no","modTs":"2018-05-08T14:05:43.573+00:00","monPolDn":"uni/tn-common/monepg-default","mtu":"inherit","multiDstPktAct":"bd-flood","name":"BD-510","nameAlias":"","ownerKey":"","ownerTag":"","pcTag":"16394","scope":"2555904","seg":"15794151","status":"","type":"regular","uid":"15374","unicastRoute":"yes","unkMacUcastAct":"proxy","unkMcastAct":"flood","vmac":"not-applicable"}}},{"fvBD":{"attributes":{"OptimizeWanBandwidth":"no","annotation":"","arpFlood":"no","bcastP":"225.0.211.240","childAction":"","configIssues":"","descr":"","dn":"uni/tn-jh-a/BD-BD-502","epClear":"no","epMoveDetectMode":"","extMngdBy":"","intersiteBumTrafficAllow":"no","intersiteL2Stretch":"no","ipLearning":"yes","lcOwn":"local","limitIpLearnToSubnets":"no","llAddr":"::","mac":"00:22:BD:F8:19:FF","mcastAllow":"no","modTs":"2018-05-08T13:32:43.928+00:00","monPolDn":"uni/tn-common/monepg-default","mtu":"inherit","multiDstPktAct":"bd-flood","name":"BD-502","nameAlias":"","ownerKey":"","ownerTag":"","pcTag":"16389","scope":"2555904","seg":"16285612","status":"","type":"regular","uid":"15374","unicastRoute":"yes","unkMacUcastAct":"proxy","unkMcastAct":"flood","vmac":"not-applicable"}}},{"fvBD":{"attributes":{"OptimizeWanBandwidth":"no","annotation":"","arpFlood":"no","bcastP":"225.1.119.64","childAction":"","configIssues":"","descr":"","dn":"uni/tn-jh-a/BD-BD-504","epClear":"no","epMoveDetectMode":"","extMngdBy":"","intersiteBumTrafficAllow":"no","intersiteL2Stretch":"no","ipLearning":"yes","lcOwn":"local","limitIpLearnToSubnets":"no","llAddr":"::","mac":"00:22:BD:F8:19:FF","mcastAllow":"no","modTs":"2018-05-08T14:05:42.614+00:00","monPolDn":"uni/tn-common/monepg-default","mtu":"inherit","multiDstPktAct":"bd-flood","name":"BD-504","nameAlias":"","ownerKey":"","ownerTag":"","pcTag":"16391","scope":"2555904","seg":"16678780","status":"","type":"regular","uid":"15374","unicastRoute":"yes","unkMacUcastAct":"proxy","unkMcastAct":"flood","vmac":"not-applicable"}}},{"fvBD":{"attributes":{"OptimizeWanBandwidth":"no","annotation":"","arpFlood":"no","bcastP":"225.1.1.128","childAction":"","configIssues":"","descr":"","dn":"uni/tn-common/BD-nh-common-bd-1","epClear":"no","epMoveDetectMode":"","extMngdBy":"","intersiteBumTrafficAllow":"no","intersiteL2Stretch":"no","ipLearning":"yes","lcOwn":"local","limitIpLearnToSubnets":"yes","llAddr":"::","mac":"00:22:BD:F8:19:FF","mcastAllow":"no","modTs":"2018-10-25T05:09:57.190+00:00","monPolDn":"uni/tn-common/monepg-default","mtu":"inherit","multiDstPktAct":"bd-flood","name":"nh-common-bd-1","nameAlias":"","ownerKey":"","ownerTag":"","pcTag":"16386","scope":"2293760","seg":"16351139","status":"","type":"regular","uid":"15374","unicastRoute":"yes","unkMacUcastAct":"proxy","unkMcastAct":"flood","vmac":"not-applicable"}}},{"fvBD":{"attributes":{"OptimizeWanBandwidth":"no","annotation":"","arpFlood":"no","bcastP":"225.0.96.112","childAction":"","configIssues":"","descr":"","dn":"uni/tn-nh/BD-bd-209","epClear":"no","epMoveDetectMode":"","extMngdBy":"","intersiteBumTrafficAllow":"no","intersiteL2Stretch":"no","ipLearning":"yes","lcOwn":"local","limitIpLearnToSubnets":"yes","llAddr":"::","mac":"00:22:BD:F8:19:FF","mcastAllow":"no","modTs":"2019-03-20T15:29:54.422+00:00","monPolDn":"uni/tn-common/monepg-default","mtu":"inherit","multiDstPktAct":"bd-flood","name":"bd-209","nameAlias":"","ownerKey":"","ownerTag":"","pcTag":"16388","scope":"2260992","seg":"16580487","status":"","type":"regular","uid":"15374","unicastRoute":"yes","unkMacUcastAct":"proxy","unkMcastAct":"flood","vmac":"not-applicable"}}},{"fvBD":{"attributes":{"OptimizeWanBandwidth":"no","annotation":"","arpFlood":"no","bcastP":"225.0.141.128","childAction":"","configIssues":"","descr":"","dn":"uni/tn-jh-a/BD-BD-512","epClear":"no","epMoveDetectMode":"","extMngdBy":"","intersiteBumTrafficAllow":"no","intersiteL2Stretch":"no","ipLearning":"yes","lcOwn":"local","limitIpLearnToSubnets":"yes","llAddr":"::","mac":"00:22:BD:F8:19:FF","mcastAllow":"no","modTs":"2019-04-23T11:58:34.451+00:00","monPolDn":"uni/tn-common/monepg-default","mtu":"inherit","multiDstPktAct":"bd-flood","name":"BD-512","nameAlias":"","ownerKey":"","ownerTag":"","pcTag":"49154","scope":"2555904","seg":"16154554","status":"","type":"regular","uid":"15374","unicastRoute":"yes","unkMacUcastAct":"proxy","unkMcastAct":"flood","vmac":"not-applicable"}}},{"fvBD":{"attributes":{"OptimizeWanBandwidth":"no","annotation":"","arpFlood":"no","bcastP":"225.1.187.176","childAction":"","configIssues":"","descr":"","dn":"uni/tn-jh-a/BD-BD-513","epClear":"no","epMoveDetectMode":"","extMngdBy":"","intersiteBumTrafficAllow":"no","intersiteL2Stretch":"no","ipLearning":"yes","lcOwn":"local","limitIpLearnToSubnets":"yes","llAddr":"::","mac":"00:22:BD:F8:19:FF","mcastAllow":"no","modTs":"2019-04-23T11:58:34.608+00:00","monPolDn":"uni/tn-common/monepg-default","mtu":"inherit","multiDstPktAct":"bd-flood","name":"BD-513","nameAlias":"","ownerKey":"","ownerTag":"","pcTag":"16397","scope":"2555904","seg":"16711544","status":"","type":"regular","uid":"15374","unicastRoute":"yes","unkMacUcastAct":"proxy","unkMcastAct":"flood","vmac":"not-applicable"}}}]