[{"fvcapRule":{"attributes":{"childAction":"","constraint":"200","descr":"Max number of fabric nodes","dn":"uni/fabric/compcat-default/fvsw-default/capabilities/fvcaprule-fabricNode-scope-policy-domain-type-limit","faultState":"nominal","lcOwn":"local","modTs":"2018-01-10T18:09:18.661+00:00","scope":"policy-domain","status":"","subj":"fabricNode","type":"limit"}}},{"fvcapRule":{"attributes":{"childAction":"","constraint":"15000","descr":"Max number of Vmware Domain EPGs","dn":"uni/fabric/compcat-default/fvsw-default/capabilities/fvcaprule-plannerVmwareDomain-scope-policy-domain-type-limit","faultState":"nominal","lcOwn":"local","modTs":"2018-01-10T18:09:18.661+00:00","scope":"policy-domain","status":"","subj":"plannerVmwareDomain","type":"limit"}}},{"fvcapRule":{"attributes":{"childAction":"","constraint":"15000","descr":"Max number of Bridge Domains","dn":"uni/fabric/compcat-default/fvsw-default/capabilities/fvcaprule-fvBD-scope-policy-domain-type-limit","faultState":"nominal","lcOwn":"local","modTs":"2018-01-10T18:09:18.661+00:00","scope":"policy-domain","status":"","subj":"fvBD","type":"limit"}}},{"fvcapRule":{"attributes":{"childAction":"","constraint":"15000","descr":"Max number of End Point Groups","dn":"uni/fabric/compcat-default/fvsw-default/capabilities/fvcaprule-fvAEPg-scope-policy-domain-type-limit","faultState":"nominal","lcOwn":"local","modTs":"2018-01-10T18:09:18.661+00:00","scope":"policy-domain","status":"","subj":"fvAEPg","type":"limit"}}},{"fvcapRule":{"attributes":{"childAction":"","constraint":"3000","descr":"Max number of Tenants","dn":"uni/fabric/compcat-default/fvsw-default/capabilities/fvcaprule-fvTenant-scope-policy-domain-type-limit","faultState":"nominal","lcOwn":"local","modTs":"2018-01-10T18:09:18.661+00:00","scope":"policy-domain","status":"","subj":"fvTenant","type":"limit"}}},{"fvcapRule":{"attributes":{"childAction":"","constraint":"180000","descr":"Max number of End Points","dn":"uni/fabric/compcat-default/fvsw-default/capabilities/fvcaprule-fvCEp-scope-policy-domain-type-limit","faultState":"nominal","lcOwn":"local","modTs":"2018-01-10T18:09:18.661+00:00","scope":"policy-domain","status":"","subj":"fvCEp","type":"limit"}}},{"fvcapRule":{"attributes":{"childAction":"","constraint":"1200","descr":"Max number of Concrete Devices","dn":"uni/fabric/compcat-default/fvsw-default/capabilities/fvcaprule-vnsCDev-scope-policy-domain-type-limit","faultState":"nominal","lcOwn":"local","modTs":"2018-01-10T18:09:18.661+00:00","scope":"policy-domain","status":"","subj":"vnsCDev","type":"limit"}}},{"fvcapRule":{"attributes":{"childAction":"","constraint":"9000","descr":"Max number of Azure Domain EPGs","dn":"uni/fabric/compcat-default/fvsw-default/capabilities/fvcaprule-plannerAzureDomain-scope-policy-domain-type-limit","faultState":"nominal","lcOwn":"local","modTs":"2018-01-10T18:09:18.661+00:00","scope":"policy-domain","status":"","subj":"plannerAzureDomain","type":"limit"}}},{"fvcapRule":{"attributes":{"childAction":"","constraint":"5","descr":"Max number of Azure Domains","dn":"uni/fabric/compcat-default/fvsw-default/capabilities/fvcaprule-plannerAzureDomainTmpl-scope-policy-domain-type-limit","faultState":"nominal","lcOwn":"local","modTs":"2018-01-10T18:09:18.661+00:00","scope":"policy-domain","status":"","subj":"plannerAzureDomainTmpl","type":"limit"}}},{"fvcapRule":{"attributes":{"childAction":"","constraint":"5","descr":"Max number of Vmware Domains","dn":"uni/fabric/compcat-default/fvsw-default/capabilities/fvcaprule-plannerVmwareDomainTmpl-scope-policy-domain-type-limit","faultState":"nominal","lcOwn":"local","modTs":"2018-01-10T18:09:18.661+00:00","scope":"policy-domain","status":"","subj":"plannerVmwareDomainTmpl","type":"limit"}}},{"fvcapRule":{"attributes":{"childAction":"","constraint":"200","descr":"Line card models that do NOT support MSC are N9K-X9736PQ, N9K-C9336PQ","dn":"uni/fabric/compcat-default/fvsw-default/capabilities/fvcaprule-eqptLC-scope-policy-domain-type-limit","faultState":"nominal","lcOwn":"local","modTs":"2018-10-01T10:06:25.941+00:00","scope":"policy-domain","status":"","subj":"eqptLC","type":"limit"}}},{"fvcapRule":{"attributes":{"childAction":"","constraint":"600","descr":"Max number of Service Graph Instances","dn":"uni/fabric/compcat-default/fvsw-default/capabilities/fvcaprule-vnsGraphInst-scope-policy-domain-type-limit","faultState":"nominal","lcOwn":"local","modTs":"2018-01-10T18:09:18.661+00:00","scope":"policy-domain","status":"","subj":"vnsGraphInst","type":"limit"}}},{"fvcapRule":{"attributes":{"childAction":"","constraint":"3000","descr":"Max Number of Private Networks","dn":"uni/fabric/compcat-default/fvsw-default/capabilities/fvcaprule-fvCtx-scope-policy-domain-type-limit","faultState":"nominal","lcOwn":"local","modTs":"2018-01-10T18:09:18.661+00:00","scope":"policy-domain","status":"","subj":"fvCtx","type":"limit"}}},{"fvcapRule":{"attributes":{"childAction":"","constraint":"1000","descr":"Max number of Contracts","dn":"uni/fabric/compcat-default/fvsw-default/capabilities/fvcaprule-vzBrCP-scope-policy-domain-type-limit","faultState":"nominal","lcOwn":"local","modTs":"2018-01-10T18:09:18.661+00:00","scope":"policy-domain","status":"","subj":"vzBrCP","type":"limit"}}},{"fvcapRule":{"attributes":{"childAction":"","constraint":"1000","descr":"Max number of Contracts","dn":"topology/pod-1/node-101/local/svc-policyelem-id-0/uni/fabric/compcat-default/fvsw-default/capabilities/fvcaprule-vzBrCP-scope-policy-domain-type-limit","faultState":"nominal","lcOwn":"local","modTs":"2019-04-04T20:33:00.768+00:00","scope":"policy-domain","status":"","subj":"vzBrCP","type":"limit"}}},{"fvcapRule":{"attributes":{"childAction":"","constraint":"180000","descr":"Max number of End Points","dn":"topology/pod-1/node-101/local/svc-policyelem-id-0/uni/fabric/compcat-default/fvsw-default/capabilities/fvcaprule-fvCEp-scope-policy-domain-type-limit","faultState":"nominal","lcOwn":"local","modTs":"2019-04-04T20:33:00.768+00:00","scope":"policy-domain","status":"","subj":"fvCEp","type":"limit"}}},{"fvcapRule":{"attributes":{"childAction":"","constraint":"200","descr":"Max number of fabric nodes","dn":"topology/pod-1/node-101/local/svc-policyelem-id-0/uni/fabric/compcat-default/fvsw-default/capabilities/fvcaprule-fabricNode-scope-policy-domain-type-limit","faultState":"nominal","lcOwn":"local","modTs":"2019-04-04T20:33:00.768+00:00","scope":"policy-domain","status":"","subj":"fabricNode","type":"limit"}}},{"fvcapRule":{"attributes":{"childAction":"","constraint":"200","descr":"Line card models that do NOT support MSC are N9K-X9736PQ, N9K-C9336PQ","dn":"topology/pod-1/node-101/local/svc-policyelem-id-0/uni/fabric/compcat-default/fvsw-default/capabilities/fvcaprule-eqptLC-scope-policy-domain-type-limit","faultState":"nominal","lcOwn":"local","modTs":"2019-04-04T20:33:00.768+00:00","scope":"policy-domain","status":"","subj":"eqptLC","type":"limit"}}},{"fvcapRule":{"attributes":{"childAction":"","constraint":"3000","descr":"Max Number of Private Networks","dn":"topology/pod-1/node-101/local/svc-policyelem-id-0/uni/fabric/compcat-default/fvsw-default/capabilities/fvcaprule-fvCtx-scope-policy-domain-type-limit","faultState":"nominal","lcOwn":"local","modTs":"2019-04-04T20:33:00.768+00:00","scope":"policy-domain","status":"","subj":"fvCtx","type":"limit"}}},{"fvcapRule":{"attributes":{"childAction":"","constraint":"15000","descr":"Max number of Vmware Domain EPGs","dn":"topology/pod-1/node-101/local/svc-policyelem-id-0/uni/fabric/compcat-default/fvsw-default/capabilities/fvcaprule-plannerVmwareDomain-scope-policy-domain-type-limit","faultState":"nominal","lcOwn":"local","modTs":"2019-04-04T20:33:00.768+00:00","scope":"policy-domain","status":"","subj":"plannerVmwareDomain","type":"limit"}}},{"fvcapRule":{"attributes":{"childAction":"","constraint":"15000","descr":"Max number of Bridge Domains","dn":"topology/pod-1/node-101/local/svc-policyelem-id-0/uni/fabric/compcat-default/fvsw-default/capabilities/fvcaprule-fvBD-scope-policy-domain-type-limit","faultState":"nominal","lcOwn":"local","modTs":"2019-04-04T20:33:00.768+00:00","scope":"policy-domain","status":"","subj":"fvBD","type":"limit"}}},{"fvcapRule":{"attributes":{"childAction":"","constraint":"9000","descr":"Max number of Azure Domain EPGs","dn":"topology/pod-1/node-101/local/svc-policyelem-id-0/uni/fabric/compcat-default/fvsw-default/capabilities/fvcaprule-plannerAzureDomain-scope-policy-domain-type-limit","faultState":"nominal","lcOwn":"local","modTs":"2019-04-04T20:33:00.768+00:00","scope":"policy-domain","status":"","subj":"plannerAzureDomain","type":"limit"}}},{"fvcapRule":{"attributes":{"childAction":"","constraint":"5","descr":"Max number of Azure Domains","dn":"topology/pod-1/node-101/local/svc-policyelem-id-0/uni/fabric/compcat-default/fvsw-default/capabilities/fvcaprule-plannerAzureDomainTmpl-scope-policy-domain-type-limit","faultState":"nominal","lcOwn":"local","modTs":"2019-04-04T20:33:00.768+00:00","scope":"policy-domain","status":"","subj":"plannerAzureDomainTmpl","type":"limit"}}},{"fvcapRule":{"attributes":{"childAction":"","constraint":"600","descr":"Max number of Service Graph Instances","dn":"topology/pod-1/node-101/local/svc-policyelem-id-0/uni/fabric/compcat-default/fvsw-default/capabilities/fvcaprule-vnsGraphInst-scope-policy-domain-type-limit","faultState":"nominal","lcOwn":"local","modTs":"2019-04-04T20:33:00.768+00:00","scope":"policy-domain","status":"","subj":"vnsGraphInst","type":"limit"}}},{"fvcapRule":{"attributes":{"childAction":"","constraint":"15000","descr":"Max number of End Point Groups","dn":"topology/pod-1/node-101/local/svc-policyelem-id-0/uni/fabric/compcat-default/fvsw-default/capabilities/fvcaprule-fvAEPg-scope-policy-domain-type-limit","faultState":"nominal","lcOwn":"local","modTs":"2019-04-04T20:33:00.768+00:00","scope":"policy-domain","status":"","subj":"fvAEPg","type":"limit"}}},{"fvcapRule":{"attributes":{"childAction":"","constraint":"1200","descr":"Max number of Concrete Devices","dn":"topology/pod-1/node-101/local/svc-policyelem-id-0/uni/fabric/compcat-default/fvsw-default/capabilities/fvcaprule-vnsCDev-scope-policy-domain-type-limit","faultState":"nominal","lcOwn":"local","modTs":"2019-04-04T20:33:00.768+00:00","scope":"policy-domain","status":"","subj":"vnsCDev","type":"limit"}}},{"fvcapRule":{"attributes":{"childAction":"","constraint":"3000","descr":"Max number of Tenants","dn":"topology/pod-1/node-101/local/svc-policyelem-id-0/uni/fabric/compcat-default/fvsw-default/capabilities/fvcaprule-fvTenant-scope-policy-domain-type-limit","faultState":"nominal","lcOwn":"local","modTs":"2019-04-04T20:33:00.768+00:00","scope":"policy-domain","status":"","subj":"fvTenant","type":"limit"}}},{"fvcapRule":{"attributes":{"childAction":"","constraint":"5","descr":"Max number of Vmware Domains","dn":"topology/pod-1/node-101/local/svc-policyelem-id-0/uni/fabric/compcat-default/fvsw-default/capabilities/fvcaprule-plannerVmwareDomainTmpl-scope-policy-domain-type-limit","faultState":"nominal","lcOwn":"local","modTs":"2019-04-04T20:33:00.768+00:00","scope":"policy-domain","status":"","subj":"plannerVmwareDomainTmpl","type":"limit"}}},{"fvcapRule":{"attributes":{"childAction":"","constraint":"1000","descr":"Max number of Contracts","dn":"topology/pod-1/node-102/local/svc-policyelem-id-0/uni/fabric/compcat-default/fvsw-default/capabilities/fvcaprule-vzBrCP-scope-policy-domain-type-limit","faultState":"nominal","lcOwn":"local","modTs":"2019-03-12T19:55:10.957+00:00","scope":"policy-domain","status":"","subj":"vzBrCP","type":"limit"}}},{"fvcapRule":{"attributes":{"childAction":"","constraint":"180000","descr":"Max number of End Points","dn":"topology/pod-1/node-102/local/svc-policyelem-id-0/uni/fabric/compcat-default/fvsw-default/capabilities/fvcaprule-fvCEp-scope-policy-domain-type-limit","faultState":"nominal","lcOwn":"local","modTs":"2019-03-12T19:55:10.957+00:00","scope":"policy-domain","status":"","subj":"fvCEp","type":"limit"}}},{"fvcapRule":{"attributes":{"childAction":"","constraint":"200","descr":"Max number of fabric nodes","dn":"topology/pod-1/node-102/local/svc-policyelem-id-0/uni/fabric/compcat-default/fvsw-default/capabilities/fvcaprule-fabricNode-scope-policy-domain-type-limit","faultState":"nominal","lcOwn":"local","modTs":"2019-03-12T19:55:10.957+00:00","scope":"policy-domain","status":"","subj":"fabricNode","type":"limit"}}},{"fvcapRule":{"attributes":{"childAction":"","constraint":"200","descr":"Line card models that do NOT support MSC are N9K-X9736PQ, N9K-C9336PQ","dn":"topology/pod-1/node-102/local/svc-policyelem-id-0/uni/fabric/compcat-default/fvsw-default/capabilities/fvcaprule-eqptLC-scope-policy-domain-type-limit","faultState":"nominal","lcOwn":"local","modTs":"2019-03-12T19:55:10.957+00:00","scope":"policy-domain","status":"","subj":"eqptLC","type":"limit"}}},{"fvcapRule":{"attributes":{"childAction":"","constraint":"3000","descr":"Max Number of Private Networks","dn":"topology/pod-1/node-102/local/svc-policyelem-id-0/uni/fabric/compcat-default/fvsw-default/capabilities/fvcaprule-fvCtx-scope-policy-domain-type-limit","faultState":"nominal","lcOwn":"local","modTs":"2019-03-12T19:55:10.957+00:00","scope":"policy-domain","status":"","subj":"fvCtx","type":"limit"}}},{"fvcapRule":{"attributes":{"childAction":"","constraint":"15000","descr":"Max number of Vmware Domain EPGs","dn":"topology/pod-1/node-102/local/svc-policyelem-id-0/uni/fabric/compcat-default/fvsw-default/capabilities/fvcaprule-plannerVmwareDomain-scope-policy-domain-type-limit","faultState":"nominal","lcOwn":"local","modTs":"2019-03-12T19:55:10.957+00:00","scope":"policy-domain","status":"","subj":"plannerVmwareDomain","type":"limit"}}},{"fvcapRule":{"attributes":{"childAction":"","constraint":"15000","descr":"Max number of Bridge Domains","dn":"topology/pod-1/node-102/local/svc-policyelem-id-0/uni/fabric/compcat-default/fvsw-default/capabilities/fvcaprule-fvBD-scope-policy-domain-type-limit","faultState":"nominal","lcOwn":"local","modTs":"2019-03-12T19:55:10.957+00:00","scope":"policy-domain","status":"","subj":"fvBD","type":"limit"}}},{"fvcapRule":{"attributes":{"childAction":"","constraint":"9000","descr":"Max number of Azure Domain EPGs","dn":"topology/pod-1/node-102/local/svc-policyelem-id-0/uni/fabric/compcat-default/fvsw-default/capabilities/fvcaprule-plannerAzureDomain-scope-policy-domain-type-limit","faultState":"nominal","lcOwn":"local","modTs":"2019-03-12T19:55:10.957+00:00","scope":"policy-domain","status":"","subj":"plannerAzureDomain","type":"limit"}}},{"fvcapRule":{"attributes":{"childAction":"","constraint":"5","descr":"Max number of Azure Domains","dn":"topology/pod-1/node-102/local/svc-policyelem-id-0/uni/fabric/compcat-default/fvsw-default/capabilities/fvcaprule-plannerAzureDomainTmpl-scope-policy-domain-type-limit","faultState":"nominal","lcOwn":"local","modTs":"2019-03-12T19:55:10.957+00:00","scope":"policy-domain","status":"","subj":"plannerAzureDomainTmpl","type":"limit"}}},{"fvcapRule":{"attributes":{"childAction":"","constraint":"600","descr":"Max number of Service Graph Instances","dn":"topology/pod-1/node-102/local/svc-policyelem-id-0/uni/fabric/compcat-default/fvsw-default/capabilities/fvcaprule-vnsGraphInst-scope-policy-domain-type-limit","faultState":"nominal","lcOwn":"local","modTs":"2019-03-12T19:55:10.957+00:00","scope":"policy-domain","status":"","subj":"vnsGraphInst","type":"limit"}}},{"fvcapRule":{"attributes":{"childAction":"","constraint":"15000","descr":"Max number of End Point Groups","dn":"topology/pod-1/node-102/local/svc-policyelem-id-0/uni/fabric/compcat-default/fvsw-default/capabilities/fvcaprule-fvAEPg-scope-policy-domain-type-limit","faultState":"nominal","lcOwn":"local","modTs":"2019-03-12T19:55:10.957+00:00","scope":"policy-domain","status":"","subj":"fvAEPg","type":"limit"}}},{"fvcapRule":{"attributes":{"childAction":"","constraint":"1200","descr":"Max number of Concrete Devices","dn":"topology/pod-1/node-102/local/svc-policyelem-id-0/uni/fabric/compcat-default/fvsw-default/capabilities/fvcaprule-vnsCDev-scope-policy-domain-type-limit","faultState":"nominal","lcOwn":"local","modTs":"2019-03-12T19:55:10.957+00:00","scope":"policy-domain","status":"","subj":"vnsCDev","type":"limit"}}},{"fvcapRule":{"attributes":{"childAction":"","constraint":"3000","descr":"Max number of Tenants","dn":"topology/pod-1/node-102/local/svc-policyelem-id-0/uni/fabric/compcat-default/fvsw-default/capabilities/fvcaprule-fvTenant-scope-policy-domain-type-limit","faultState":"nominal","lcOwn":"local","modTs":"2019-03-12T19:55:10.957+00:00","scope":"policy-domain","status":"","subj":"fvTenant","type":"limit"}}},{"fvcapRule":{"attributes":{"childAction":"","constraint":"5","descr":"Max number of Vmware Domains","dn":"topology/pod-1/node-102/local/svc-policyelem-id-0/uni/fabric/compcat-default/fvsw-default/capabilities/fvcaprule-plannerVmwareDomainTmpl-scope-policy-domain-type-limit","faultState":"nominal","lcOwn":"local","modTs":"2019-03-12T19:55:10.957+00:00","scope":"policy-domain","status":"","subj":"plannerVmwareDomainTmpl","type":"limit"}}},{"fvcapRule":{"attributes":{"childAction":"","constraint":"1000","descr":"Max number of Contracts","dn":"topology/pod-1/node-201/local/svc-policyelem-id-0/uni/fabric/compcat-default/fvsw-default/capabilities/fvcaprule-vzBrCP-scope-policy-domain-type-limit","faultState":"nominal","lcOwn":"local","modTs":"2019-03-12T19:58:17.557+00:00","scope":"policy-domain","status":"","subj":"vzBrCP","type":"limit"}}},{"fvcapRule":{"attributes":{"childAction":"","constraint":"180000","descr":"Max number of End Points","dn":"topology/pod-1/node-201/local/svc-policyelem-id-0/uni/fabric/compcat-default/fvsw-default/capabilities/fvcaprule-fvCEp-scope-policy-domain-type-limit","faultState":"nominal","lcOwn":"local","modTs":"2019-03-12T19:58:17.557+00:00","scope":"policy-domain","status":"","subj":"fvCEp","type":"limit"}}},{"fvcapRule":{"attributes":{"childAction":"","constraint":"200","descr":"Max number of fabric nodes","dn":"topology/pod-1/node-201/local/svc-policyelem-id-0/uni/fabric/compcat-default/fvsw-default/capabilities/fvcaprule-fabricNode-scope-policy-domain-type-limit","faultState":"nominal","lcOwn":"local","modTs":"2019-03-12T19:58:17.557+00:00","scope":"policy-domain","status":"","subj":"fabricNode","type":"limit"}}},{"fvcapRule":{"attributes":{"childAction":"","constraint":"200","descr":"Line card models that do NOT support MSC are N9K-X9736PQ, N9K-C9336PQ","dn":"topology/pod-1/node-201/local/svc-policyelem-id-0/uni/fabric/compcat-default/fvsw-default/capabilities/fvcaprule-eqptLC-scope-policy-domain-type-limit","faultState":"nominal","lcOwn":"local","modTs":"2019-03-12T19:58:17.557+00:00","scope":"policy-domain","status":"","subj":"eqptLC","type":"limit"}}},{"fvcapRule":{"attributes":{"childAction":"","constraint":"3000","descr":"Max Number of Private Networks","dn":"topology/pod-1/node-201/local/svc-policyelem-id-0/uni/fabric/compcat-default/fvsw-default/capabilities/fvcaprule-fvCtx-scope-policy-domain-type-limit","faultState":"nominal","lcOwn":"local","modTs":"2019-03-12T19:58:17.557+00:00","scope":"policy-domain","status":"","subj":"fvCtx","type":"limit"}}},{"fvcapRule":{"attributes":{"childAction":"","constraint":"15000","descr":"Max number of Vmware Domain EPGs","dn":"topology/pod-1/node-201/local/svc-policyelem-id-0/uni/fabric/compcat-default/fvsw-default/capabilities/fvcaprule-plannerVmwareDomain-scope-policy-domain-type-limit","faultState":"nominal","lcOwn":"local","modTs":"2019-03-12T19:58:17.557+00:00","scope":"policy-domain","status":"","subj":"plannerVmwareDomain","type":"limit"}}},{"fvcapRule":{"attributes":{"childAction":"","constraint":"15000","descr":"Max number of Bridge Domains","dn":"topology/pod-1/node-201/local/svc-policyelem-id-0/uni/fabric/compcat-default/fvsw-default/capabilities/fvcaprule-fvBD-scope-policy-domain-type-limit","faultState":"nominal","lcOwn":"local","modTs":"2019-03-12T19:58:17.557+00:00","scope":"policy-domain","status":"","subj":"fvBD","type":"limit"}}},{"fvcapRule":{"attributes":{"childAction":"","constraint":"9000","descr":"Max number of Azure Domain EPGs","dn":"topology/pod-1/node-201/local/svc-policyelem-id-0/uni/fabric/compcat-default/fvsw-default/capabilities/fvcaprule-plannerAzureDomain-scope-policy-domain-type-limit","faultState":"nominal","lcOwn":"local","modTs":"2019-03-12T19:58:17.557+00:00","scope":"policy-domain","status":"","subj":"plannerAzureDomain","type":"limit"}}},{"fvcapRule":{"attributes":{"childAction":"","constraint":"5","descr":"Max number of Azure Domains","dn":"topology/pod-1/node-201/local/svc-policyelem-id-0/uni/fabric/compcat-default/fvsw-default/capabilities/fvcaprule-plannerAzureDomainTmpl-scope-policy-domain-type-limit","faultState":"nominal","lcOwn":"local","modTs":"2019-03-12T19:58:17.557+00:00","scope":"policy-domain","status":"","subj":"plannerAzureDomainTmpl","type":"limit"}}},{"fvcapRule":{"attributes":{"childAction":"","constraint":"600","descr":"Max number of Service Graph Instances","dn":"topology/pod-1/node-201/local/svc-policyelem-id-0/uni/fabric/compcat-default/fvsw-default/capabilities/fvcaprule-vnsGraphInst-scope-policy-domain-type-limit","faultState":"nominal","lcOwn":"local","modTs":"2019-03-12T19:58:17.557+00:00","scope":"policy-domain","status":"","subj":"vnsGraphInst","type":"limit"}}},{"fvcapRule":{"attributes":{"childAction":"","constraint":"15000","descr":"Max number of End Point Groups","dn":"topology/pod-1/node-201/local/svc-policyelem-id-0/uni/fabric/compcat-default/fvsw-default/capabilities/fvcaprule-fvAEPg-scope-policy-domain-type-limit","faultState":"nominal","lcOwn":"local","modTs":"2019-03-12T19:58:17.557+00:00","scope":"policy-domain","status":"","subj":"fvAEPg","type":"limit"}}},{"fvcapRule":{"attributes":{"childAction":"","constraint":"1200","descr":"Max number of Concrete Devices","dn":"topology/pod-1/node-201/local/svc-policyelem-id-0/uni/fabric/compcat-default/fvsw-default/capabilities/fvcaprule-vnsCDev-scope-policy-domain-type-limit","faultState":"nominal","lcOwn":"local","modTs":"2019-03-12T19:58:17.557+00:00","scope":"policy-domain","status":"","subj":"vnsCDev","type":"limit"}}},{"fvcapRule":{"attributes":{"childAction":"","constraint":"3000","descr":"Max number of Tenants","dn":"topology/pod-1/node-201/local/svc-policyelem-id-0/uni/fabric/compcat-default/fvsw-default/capabilities/fvcaprule-fvTenant-scope-policy-domain-type-limit","faultState":"nominal","lcOwn":"local","modTs":"2019-03-12T19:58:17.557+00:00","scope":"policy-domain","status":"","subj":"fvTenant","type":"limit"}}},{"fvcapRule":{"attributes":{"childAction":"","constraint":"5","descr":"Max number of Vmware Domains","dn":"topology/pod-1/node-201/local/svc-policyelem-id-0/uni/fabric/compcat-default/fvsw-default/capabilities/fvcaprule-plannerVmwareDomainTmpl-scope-policy-domain-type-limit","faultState":"nominal","lcOwn":"local","modTs":"2019-03-12T19:58:17.557+00:00","scope":"policy-domain","status":"","subj":"plannerVmwareDomainTmpl","type":"limit"}}}]