[{"pkiExportEncryptionKey":{"attributes":{"annotation":"","childAction":"","clearEncryptionKey":"no","cryptedPassphrase":"$6$QXYWRIZANOBL$V4we/3tbMKXeBYhkpZetwkNBshQY30uFvNVQgQieWMGM0TMx3JJs0.YnmFFgf3bUxFmUB6aRRi6iwaHz21LEw/","descr":"","dn":"uni/exportcryptkey","extMngdBy":"","keyConfigured":"yes","lcOwn":"local","modTs":"2019-03-12T12:15:01.954+00:00","name":"","nameAlias":"","ownerKey":"","ownerTag":"","passphraseKeyDerivationVersion":"v1","status":"","strongEncryptionEnabled":"yes","timeGenerated":"2018-04-30T20:58:30.180+00:00","uid":"0"}}}]