[{"fvEpP":{"attributes":{"bdDefDn":"uni/bd-[uni/tn-infra/BD-default]-isSvc-no","bdDefStQual":"none","childAction":"","crtrnEnabled":"no","ctxDefDn":"uni/ctx-[uni/tn-infra/ctx-overlay-1]","ctxDefStQual":"none","ctxSeg":"0","deplSt":"deployable","descr":"","dn":"uni/epp/fv-[uni/tn-infra/ap-access/epg-default]","enfPref":"hw","epgDn":"","epgName":"default","epgPKey":"uni/tn-infra/ap-access/epg-default","floodOnEncap":"disabled","fwdCtrl":"","intraSecConf":"","l2FDSeg":"0","l3CtxEncap":"unknown","lcOwn":"local","modTs":"2018-01-10T18:09:56.283+00:00","monPolDn":"uni/tn-common/monepg-default","name":"","nameAlias":"","npName":"access","npNameAlias":"","operSt":"allocated","ownerKey":"","ownerTag":"","pcEnfPref":"unenforced","pcTag":"16386","prefGrMemb":"exclude","prio":"unspecified","scopeId":"16777199","status":"","tName":"infra","tnNameAlias":"","txId":"0"}}},{"fvEpP":{"attributes":{"bdDefDn":"uni/bd-[uni/tn-common/BD-HC-BD-VRF]-isSvc-no","bdDefStQual":"none","childAction":"","crtrnEnabled":"no","ctxDefDn":"uni/ctx-[uni/tn-common/ctx-HC-VRF-COMMON]","ctxDefStQual":"none","ctxSeg":"0","deplSt":"deployable","descr":"","dn":"uni/epp/fv-[uni/tn-Tenant3/ap-AP-TEN3-WEB/epg-TEN3-WEB01]","enfPref":"hw","epgDn":"","epgName":"TEN3-WEB01","epgPKey":"uni/tn-Tenant3/ap-AP-TEN3-WEB/epg-TEN3-WEB01","floodOnEncap":"disabled","fwdCtrl":"","intraSecConf":"","l2FDSeg":"0","l3CtxEncap":"unknown","lcOwn":"local","modTs":"2018-03-29T21:48:06.006+00:00","monPolDn":"uni/tn-common/monepg-default","name":"","nameAlias":"","npName":"AP-TEN3-WEB","npNameAlias":"","operSt":"allocated","ownerKey":"","ownerTag":"","pcEnfPref":"unenforced","pcTag":"49154","prefGrMemb":"exclude","prio":"unspecified","scopeId":"2785281","status":"","tName":"Tenant3","tnNameAlias":"","txId":"0"}}},{"fvEpP":{"attributes":{"bdDefDn":"uni/bd-[uni/tn-Tenant1/BD-BD-TEN1-1]-isSvc-no","bdDefStQual":"none","childAction":"","crtrnEnabled":"no","ctxDefDn":"uni/ctx-[uni/tn-Tenant1/ctx-VRF-TEN1]","ctxDefStQual":"none","ctxSeg":"0","deplSt":"deployable","descr":"","dn":"uni/epp/fv-[uni/tn-Tenant1/ap-AP-TEN1-01/epg-EPG-APP-01]","enfPref":"hw","epgDn":"","epgName":"EPG-APP-01","epgPKey":"uni/tn-Tenant1/ap-AP-TEN1-01/epg-EPG-APP-01","floodOnEncap":"disabled","fwdCtrl":"","intraSecConf":"","l2FDSeg":"0","l3CtxEncap":"unknown","lcOwn":"local","modTs":"2018-03-26T00:38:53.954+00:00","monPolDn":"uni/tn-common/monepg-default","name":"","nameAlias":"","npName":"AP-TEN1-01","npNameAlias":"","operSt":"allocated","ownerKey":"","ownerTag":"","pcEnfPref":"unenforced","pcTag":"23","prefGrMemb":"exclude","prio":"unspecified","scopeId":"2523136","status":"","tName":"Tenant1","tnNameAlias":"","txId":"0"}}},{"fvEpP":{"attributes":{"bdDefDn":"uni/bd-[uni/tn-infra/BD-ave-ctrl]-isSvc-no","bdDefStQual":"none","childAction":"","crtrnEnabled":"no","ctxDefDn":"uni/ctx-[uni/tn-infra/ctx-ave-ctrl]","ctxDefStQual":"none","ctxSeg":"0","deplSt":"deployable","descr":"","dn":"uni/epp/fv-[uni/tn-infra/ap-ave-ctrl/epg-ave-ctrl]","enfPref":"hw","epgDn":"","epgName":"ave-ctrl","epgPKey":"uni/tn-infra/ap-ave-ctrl/epg-ave-ctrl","floodOnEncap":"disabled","fwdCtrl":"","intraSecConf":"","l2FDSeg":"0","l3CtxEncap":"unknown","lcOwn":"local","modTs":"2019-03-13T16:34:49.320+00:00","monPolDn":"uni/tn-common/monepg-default","name":"","nameAlias":"","npName":"ave-ctrl","npNameAlias":"","operSt":"allocated","ownerKey":"","ownerTag":"","pcEnfPref":"unenforced","pcTag":"32771","prefGrMemb":"exclude","prio":"unspecified","scopeId":"2097153","status":"","tName":"infra","tnNameAlias":"","txId":"5764607523041913513"}}},{"fvEpP":{"attributes":{"bdDefDn":"uni/bd-[uni/tn-nh/BD-bd-202]-isSvc-no","bdDefStQual":"none","childAction":"","crtrnEnabled":"no","ctxDefDn":"uni/ctx-[uni/tn-nh/ctx-vrf-a]","ctxDefStQual":"none","ctxSeg":"0","deplSt":"deployable","descr":"","dn":"uni/epp/fv-[uni/tn-nh/ap-defaultAppProfile/epg-epg-202]","enfPref":"hw","epgDn":"","epgName":"epg-202","epgPKey":"uni/tn-nh/ap-defaultAppProfile/epg-epg-202","floodOnEncap":"disabled","fwdCtrl":"","intraSecConf":"","l2FDSeg":"0","l3CtxEncap":"unknown","lcOwn":"local","modTs":"2019-03-20T12:05:50.536+00:00","monPolDn":"uni/tn-common/monepg-default","name":"","nameAlias":"","npName":"defaultAppProfile","npNameAlias":"","operSt":"allocated","ownerKey":"","ownerTag":"","pcEnfPref":"unenforced","pcTag":"49164","prefGrMemb":"exclude","prio":"unspecified","scopeId":"2260992","status":"","tName":"nh","tnNameAlias":"","txId":"7493989779947041973"}}},{"fvEpP":{"attributes":{"bdDefDn":"uni/bd-[uni/tn-nh/BD-bd-205]-isSvc-no","bdDefStQual":"none","childAction":"","crtrnEnabled":"no","ctxDefDn":"uni/ctx-[uni/tn-nh/ctx-vrf-a]","ctxDefStQual":"none","ctxSeg":"0","deplSt":"deployable","descr":"","dn":"uni/epp/fv-[uni/tn-nh/ap-defaultAppProfile/epg-epg-205]","enfPref":"hw","epgDn":"","epgName":"epg-205","epgPKey":"uni/tn-nh/ap-defaultAppProfile/epg-epg-205","floodOnEncap":"disabled","fwdCtrl":"","intraSecConf":"","l2FDSeg":"0","l3CtxEncap":"unknown","lcOwn":"local","modTs":"2019-03-29T09:51:00.544+00:00","monPolDn":"uni/tn-common/monepg-default","name":"","nameAlias":"","npName":"defaultAppProfile","npNameAlias":"","operSt":"allocated","ownerKey":"","ownerTag":"","pcEnfPref":"enforced","pcTag":"49155","prefGrMemb":"exclude","prio":"unspecified","scopeId":"2260992","status":"","tName":"nh","tnNameAlias":"","txId":"7493989779947038274"}}},{"fvEpP":{"attributes":{"bdDefDn":"uni/bd-[uni/tn-common/BD-HC-BD-VRF]-isSvc-no","bdDefStQual":"none","childAction":"","crtrnEnabled":"no","ctxDefDn":"uni/ctx-[uni/tn-common/ctx-HC-VRF-COMMON]","ctxDefStQual":"none","ctxSeg":"0","deplSt":"deployable","descr":"","dn":"uni/epp/fv-[uni/tn-Tenant3/ap-AP-TEN3/epg-TEN3-DB01]","enfPref":"hw","epgDn":"","epgName":"TEN3-DB01","epgPKey":"uni/tn-Tenant3/ap-AP-TEN3/epg-TEN3-DB01","floodOnEncap":"disabled","fwdCtrl":"","intraSecConf":"","l2FDSeg":"0","l3CtxEncap":"unknown","lcOwn":"local","modTs":"2018-05-14T19:34:54.230+00:00","monPolDn":"uni/tn-common/monepg-default","name":"","nameAlias":"","npName":"AP-TEN3","npNameAlias":"","operSt":"allocated","ownerKey":"","ownerTag":"","pcEnfPref":"unenforced","pcTag":"16388","prefGrMemb":"exclude","prio":"unspecified","scopeId":"2785281","status":"","tName":"Tenant3","tnNameAlias":"","txId":"0"}}},{"fvEpP":{"attributes":{"bdDefDn":"uni/bd-[uni/tn-test123/BD-test-bd]-isSvc-no","bdDefStQual":"none","childAction":"","crtrnEnabled":"no","ctxDefDn":"uni/ctx-[uni/tn-test123/ctx-test-vrf]","ctxDefStQual":"none","ctxSeg":"0","deplSt":"deployable","descr":"","dn":"uni/epp/fv-[uni/tn-test123/ap-test-ap/epg-test-epg]","enfPref":"hw","epgDn":"","epgName":"test-epg","epgPKey":"uni/tn-test123/ap-test-ap/epg-test-epg","floodOnEncap":"disabled","fwdCtrl":"","intraSecConf":"","l2FDSeg":"0","l3CtxEncap":"unknown","lcOwn":"local","modTs":"2018-02-28T12:43:04.059+00:00","monPolDn":"uni/tn-common/monepg-default","name":"","nameAlias":"","npName":"test-ap","npNameAlias":"","operSt":"allocated","ownerKey":"","ownerTag":"","pcEnfPref":"unenforced","pcTag":"16386","prefGrMemb":"exclude","prio":"unspecified","scopeId":"2719744","status":"","tName":"test123","tnNameAlias":"","txId":"0"}}},{"fvEpP":{"attributes":{"bdDefDn":"uni/bd-[uni/tn-Tenant1/BD-BD-TEN1-1]-isSvc-no","bdDefStQual":"none","childAction":"","crtrnEnabled":"no","ctxDefDn":"uni/ctx-[uni/tn-Tenant1/ctx-VRF-TEN1]","ctxDefStQual":"none","ctxSeg":"0","deplSt":"deployable","descr":"","dn":"uni/epp/fv-[uni/tn-Tenant1/ap-AP-TEN1-01/epg-EPG-DB-01]","enfPref":"hw","epgDn":"","epgName":"EPG-DB-01","epgPKey":"uni/tn-Tenant1/ap-AP-TEN1-01/epg-EPG-DB-01","floodOnEncap":"disabled","fwdCtrl":"","intraSecConf":"","l2FDSeg":"0","l3CtxEncap":"unknown","lcOwn":"local","modTs":"2018-03-25T17:39:02.061+00:00","monPolDn":"uni/tn-common/monepg-default","name":"","nameAlias":"","npName":"AP-TEN1-01","npNameAlias":"","operSt":"allocated","ownerKey":"","ownerTag":"","pcEnfPref":"unenforced","pcTag":"49153","prefGrMemb":"exclude","prio":"unspecified","scopeId":"2523136","status":"","tName":"Tenant1","tnNameAlias":"","txId":"0"}}},{"fvEpP":{"attributes":{"bdDefDn":"uni/bd-[uni/tn-nh/BD-bd-202]-isSvc-no","bdDefStQual":"none","childAction":"","crtrnEnabled":"no","ctxDefDn":"uni/ctx-[uni/tn-nh/ctx-vrf-a]","ctxDefStQual":"none","ctxSeg":"0","deplSt":"deployable","descr":"","dn":"uni/epp/fv-[uni/tn-nh/ap-defaultAppProfile/epg-epg-mac]","enfPref":"hw","epgDn":"","epgName":"epg-mac","epgPKey":"uni/tn-nh/ap-defaultAppProfile/epg-epg-mac","floodOnEncap":"disabled","fwdCtrl":"","intraSecConf":"","l2FDSeg":"0","l3CtxEncap":"unknown","lcOwn":"local","modTs":"2019-03-20T12:05:50.538+00:00","monPolDn":"uni/tn-common/monepg-default","name":"","nameAlias":"","npName":"defaultAppProfile","npNameAlias":"","operSt":"allocated","ownerKey":"","ownerTag":"","pcEnfPref":"enforced","pcTag":"16391","prefGrMemb":"exclude","prio":"unspecified","scopeId":"2260992","status":"","tName":"nh","tnNameAlias":"","txId":"7493989779948444024"}}},{"fvEpP":{"attributes":{"bdDefDn":"uni/bd-[uni/tn-nh/BD-bd-209]-isSvc-no","bdDefStQual":"none","childAction":"","crtrnEnabled":"no","ctxDefDn":"uni/ctx-[uni/tn-nh/ctx-vrf-a]","ctxDefStQual":"none","ctxSeg":"0","deplSt":"deployable","descr":"","dn":"uni/epp/fv-[uni/tn-nh/ap-defaultAppProfile/epg-epg-209]","enfPref":"hw","epgDn":"","epgName":"epg-209","epgPKey":"uni/tn-nh/ap-defaultAppProfile/epg-epg-209","floodOnEncap":"disabled","fwdCtrl":"","intraSecConf":"","l2FDSeg":"0","l3CtxEncap":"unknown","lcOwn":"local","modTs":"2019-03-20T15:29:57.422+00:00","monPolDn":"uni/tn-common/monepg-default","name":"","nameAlias":"","npName":"defaultAppProfile","npNameAlias":"","operSt":"allocated","ownerKey":"","ownerTag":"","pcEnfPref":"unenforced","pcTag":"32773","prefGrMemb":"exclude","prio":"unspecified","scopeId":"2260992","status":"","tName":"nh","tnNameAlias":"","txId":"7493989779960282827"}}},{"fvEpP":{"attributes":{"bdDefDn":"uni/bd-[uni/tn-Tenanant2/BD-TEN2-BD-WEB-SHARED]-isSvc-no","bdDefStQual":"none","childAction":"","crtrnEnabled":"no","ctxDefDn":"uni/ctx-[uni/tn-Tenanant2/ctx-TEN2-VRF-WEB-SHARED]","ctxDefStQual":"none","ctxSeg":"0","deplSt":"deployable","descr":"","dn":"uni/epp/fv-[uni/tn-Tenanant2/ap-AP-WEB-SHARED/epg-WEB-01SHARED]","enfPref":"hw","epgDn":"","epgName":"WEB-01SHARED","epgPKey":"uni/tn-Tenanant2/ap-AP-WEB-SHARED/epg-WEB-01SHARED","floodOnEncap":"disabled","fwdCtrl":"","intraSecConf":"","l2FDSeg":"0","l3CtxEncap":"unknown","lcOwn":"local","modTs":"2018-03-26T00:54:51.472+00:00","monPolDn":"uni/tn-common/monepg-default","name":"","nameAlias":"","npName":"AP-WEB-SHARED","npNameAlias":"","operSt":"allocated","ownerKey":"","ownerTag":"","pcEnfPref":"unenforced","pcTag":"10933","prefGrMemb":"exclude","prio":"unspecified","scopeId":"2162688","status":"","tName":"Tenanant2","tnNameAlias":"","txId":"0"}}},{"fvEpP":{"attributes":{"bdDefDn":"uni/bd-[uni/tn-common/BD-HC-BD-VRF]-isSvc-no","bdDefStQual":"none","childAction":"","crtrnEnabled":"no","ctxDefDn":"uni/ctx-[uni/tn-common/ctx-HC-VRF-COMMON]","ctxDefStQual":"none","ctxSeg":"0","deplSt":"deployable","descr":"","dn":"uni/epp/fv-[uni/tn-Tenant3/ap-AP-TEN3/epg-TEN3-APP01]","enfPref":"hw","epgDn":"","epgName":"TEN3-APP01","epgPKey":"uni/tn-Tenant3/ap-AP-TEN3/epg-TEN3-APP01","floodOnEncap":"disabled","fwdCtrl":"","intraSecConf":"","l2FDSeg":"0","l3CtxEncap":"unknown","lcOwn":"local","modTs":"2018-05-14T17:15:03.437+00:00","monPolDn":"uni/tn-Tenant3/monepg-T3-syslog","name":"","nameAlias":"","npName":"AP-TEN3","npNameAlias":"","operSt":"allocated","ownerKey":"","ownerTag":"","pcEnfPref":"unenforced","pcTag":"16389","prefGrMemb":"exclude","prio":"unspecified","scopeId":"2785281","status":"","tName":"Tenant3","tnNameAlias":"","txId":"0"}}},{"fvEpP":{"attributes":{"bdDefDn":"uni/bd-[uni/tn-common/BD-nh-common-bd-1]-isSvc-no","bdDefStQual":"none","childAction":"","crtrnEnabled":"no","ctxDefDn":"uni/ctx-[uni/tn-common/ctx-nh-common]","ctxDefStQual":"none","ctxSeg":"0","deplSt":"deployable","descr":"","dn":"uni/epp/fv-[uni/tn-common/ap-nh-common-app-profile/epg-nh-common-epg-1]","enfPref":"hw","epgDn":"","epgName":"nh-common-epg-1","epgPKey":"uni/tn-common/ap-nh-common-app-profile/epg-nh-common-epg-1","floodOnEncap":"disabled","fwdCtrl":"","intraSecConf":"","l2FDSeg":"0","l3CtxEncap":"unknown","lcOwn":"local","modTs":"2019-02-21T15:39:59.451+00:00","monPolDn":"uni/tn-common/monepg-default","name":"","nameAlias":"","npName":"nh-common-app-profile","npNameAlias":"","operSt":"allocated","ownerKey":"","ownerTag":"","pcEnfPref":"unenforced","pcTag":"32772","prefGrMemb":"exclude","prio":"unspecified","scopeId":"2293760","status":"","tName":"common","tnNameAlias":"","txId":"0"}}},{"fvEpP":{"attributes":{"bdDefDn":"uni/bd-[uni/tn-jh-a/BD-jh-bd-100]-isSvc-no","bdDefStQual":"none","childAction":"","crtrnEnabled":"no","ctxDefDn":"uni/ctx-[uni/tn-jh-a/ctx-vrf-a]","ctxDefStQual":"none","ctxSeg":"0","deplSt":"deployable","descr":"","dn":"uni/epp/fv-[uni/tn-jh-a/ap-jh-app-profile/epg-jh-epg]","enfPref":"hw","epgDn":"","epgName":"jh-epg","epgPKey":"uni/tn-jh-a/ap-jh-app-profile/epg-jh-epg","floodOnEncap":"disabled","fwdCtrl":"","intraSecConf":"","l2FDSeg":"0","l3CtxEncap":"unknown","lcOwn":"local","modTs":"2019-03-13T16:48:46.858+00:00","monPolDn":"uni/tn-common/monepg-default","name":"","nameAlias":"","npName":"jh-app-profile","npNameAlias":"","operSt":"allocated","ownerKey":"","ownerTag":"","pcEnfPref":"unenforced","pcTag":"16387","prefGrMemb":"exclude","prio":"unspecified","scopeId":"2555904","status":"","tName":"jh-a","tnNameAlias":"","txId":"4518847"}}},{"fvEpP":{"attributes":{"bdDefDn":"uni/bd-[uni/tn-Tenanant2/BD-BD-TEN2-WEB]-isSvc-no","bdDefStQual":"none","childAction":"","crtrnEnabled":"no","ctxDefDn":"uni/ctx-[uni/tn-Tenanant2/ctx-VRF-TEN2]","ctxDefStQual":"none","ctxSeg":"0","deplSt":"deployable","descr":"","dn":"uni/epp/fv-[uni/tn-Tenanant2/ap-AP-WEB-LOCAL/epg-EPG-WEB-01-LOCAL]","enfPref":"hw","epgDn":"","epgName":"EPG-WEB-01-LOCAL","epgPKey":"uni/tn-Tenanant2/ap-AP-WEB-LOCAL/epg-EPG-WEB-01-LOCAL","floodOnEncap":"disabled","fwdCtrl":"","intraSecConf":"","l2FDSeg":"0","l3CtxEncap":"unknown","lcOwn":"local","modTs":"2018-03-25T23:42:15.713+00:00","monPolDn":"uni/tn-common/monepg-default","name":"","nameAlias":"","npName":"AP-WEB-LOCAL","npNameAlias":"","operSt":"allocated","ownerKey":"","ownerTag":"","pcEnfPref":"unenforced","pcTag":"16387","prefGrMemb":"exclude","prio":"unspecified","scopeId":"3080192","status":"","tName":"Tenanant2","tnNameAlias":"","txId":"0"}}},{"fvEpP":{"attributes":{"bdDefDn":"uni/bd-[uni/tn-My-Tenant/BD-My-Bd]-isSvc-no","bdDefStQual":"none","childAction":"","crtrnEnabled":"no","ctxDefDn":"uni/ctx-[uni/tn-My-Tenant/ctx-My-VRF]","ctxDefStQual":"none","ctxSeg":"0","deplSt":"deployable","descr":"","dn":"uni/epp/fv-[uni/tn-My-Tenant/ap-my-app-profile/epg-my-epg]","enfPref":"hw","epgDn":"","epgName":"my-epg","epgPKey":"uni/tn-My-Tenant/ap-my-app-profile/epg-my-epg","floodOnEncap":"disabled","fwdCtrl":"","intraSecConf":"","l2FDSeg":"0","l3CtxEncap":"unknown","lcOwn":"local","modTs":"2019-02-21T10:05:25.265+00:00","monPolDn":"uni/tn-common/monepg-default","name":"","nameAlias":"","npName":"my-app-profile","npNameAlias":"","operSt":"allocated","ownerKey":"","ownerTag":"","pcEnfPref":"unenforced","pcTag":"32770","prefGrMemb":"exclude","prio":"unspecified","scopeId":"2916352","status":"","tName":"My-Tenant","tnNameAlias":"","txId":"0"}}},{"fvEpP":{"attributes":{"bdDefDn":"uni/bd-[uni/tn-nh/BD-bd-203]-isSvc-no","bdDefStQual":"none","childAction":"","crtrnEnabled":"no","ctxDefDn":"uni/ctx-[uni/tn-nh/ctx-vrf-a]","ctxDefStQual":"none","ctxSeg":"0","deplSt":"deployable","descr":"","dn":"uni/epp/fv-[uni/tn-nh/ap-defaultAppProfile/epg-epg-203]","enfPref":"hw","epgDn":"","epgName":"epg-203","epgPKey":"uni/tn-nh/ap-defaultAppProfile/epg-epg-203","floodOnEncap":"disabled","fwdCtrl":"","intraSecConf":"","l2FDSeg":"0","l3CtxEncap":"unknown","lcOwn":"local","modTs":"2019-03-29T09:44:28.280+00:00","monPolDn":"uni/tn-common/monepg-default","name":"","nameAlias":"","npName":"defaultAppProfile","npNameAlias":"","operSt":"allocated","ownerKey":"","ownerTag":"","pcEnfPref":"unenforced","pcTag":"16387","prefGrMemb":"exclude","prio":"unspecified","scopeId":"2260992","status":"","tName":"nh","tnNameAlias":"","txId":"7493989779944909840"}}},{"fvEpP":{"attributes":{"bdDefDn":"uni/bd-[uni/tn-Tenant1/BD-BD-TEN1-WEB]-isSvc-no","bdDefStQual":"none","childAction":"","crtrnEnabled":"no","ctxDefDn":"uni/ctx-[uni/tn-Tenant1/ctx-VRF-TEN1-WEB]","ctxDefStQual":"none","ctxSeg":"0","deplSt":"deployable","descr":"","dn":"uni/epp/fv-[uni/tn-Tenant1/ap-AP-TEN-WEB01/epg-EPG-WEB-01]","enfPref":"hw","epgDn":"","epgName":"EPG-WEB-01","epgPKey":"uni/tn-Tenant1/ap-AP-TEN-WEB01/epg-EPG-WEB-01","floodOnEncap":"disabled","fwdCtrl":"","intraSecConf":"","l2FDSeg":"0","l3CtxEncap":"unknown","lcOwn":"local","modTs":"2018-03-25T23:35:49.339+00:00","monPolDn":"uni/tn-common/monepg-default","name":"","nameAlias":"","npName":"AP-TEN-WEB01","npNameAlias":"","operSt":"allocated","ownerKey":"","ownerTag":"","pcEnfPref":"unenforced","pcTag":"22","prefGrMemb":"exclude","prio":"unspecified","scopeId":"3047424","status":"","tName":"Tenant1","tnNameAlias":"","txId":"0"}}},{"fvEpP":{"attributes":{"bdDefDn":"uni/bd-[uni/tn-mgmt/BD-oob]-isSvc-no","bdDefStQual":"none","childAction":"","crtrnEnabled":"no","ctxDefDn":"uni/ctx-[uni/tn-mgmt/ctx-oob]","ctxDefStQual":"none","ctxSeg":"0","deplSt":"deployable","descr":"","dn":"uni/epp/fv-[uni/tn-mgmt/ap-oob-app-profile/epg-oob-actual-epg]","enfPref":"hw","epgDn":"","epgName":"oob-actual-epg","epgPKey":"uni/tn-mgmt/ap-oob-app-profile/epg-oob-actual-epg","floodOnEncap":"disabled","fwdCtrl":"","intraSecConf":"","l2FDSeg":"0","l3CtxEncap":"unknown","lcOwn":"local","modTs":"2018-03-29T15:16:28.691+00:00","monPolDn":"uni/tn-common/monepg-default","name":"","nameAlias":"","npName":"oob-app-profile","npNameAlias":"","operSt":"allocated","ownerKey":"","ownerTag":"","pcEnfPref":"unenforced","pcTag":"16389","prefGrMemb":"exclude","prio":"unspecified","scopeId":"2981889","status":"","tName":"mgmt","tnNameAlias":"","txId":"0"}}}]