[{"l3extInstP":{"attributes":{"annotation":"","childAction":"","configIssues":"","configSt":"applied","descr":"","dn":"uni/tn-Tenant1/out-HC-L3out-BGP/instP-Ext_Net_BGP","exceptionTag":"","extMngdBy":"","floodOnEncap":"disabled","lcOwn":"local","matchT":"AtleastOne","mcast":"no","modTs":"2018-03-31T22:24:23.123+00:00","monPolDn":"uni/tn-common/monepg-default","name":"Ext_Net_BGP","nameAlias":"","pcTag":"32770","prefGrMemb":"exclude","prio":"unspecified","scope":"3047424","status":"","targetDscp":"unspecified","triggerSt":"triggerable","txId":"12105675798373916464","uid":"15374"}}},{"l3extInstP":{"attributes":{"annotation":"","childAction":"","configIssues":"","configSt":"applied","descr":"","dn":"uni/tn-nh/out-l3out-204/instP-ext-epg-204-b","exceptionTag":"","extMngdBy":"","floodOnEncap":"disabled","lcOwn":"local","matchT":"AtleastOne","mcast":"no","modTs":"2018-03-15T09:50:25.289+00:00","monPolDn":"uni/tn-common/monepg-default","name":"ext-epg-204-b","nameAlias":"","pcTag":"32771","prefGrMemb":"exclude","prio":"unspecified","scope":"2260992","status":"","targetDscp":"unspecified","triggerSt":"triggerable","txId":"7493989779946814077","uid":"15374"}}},{"l3extInstP":{"attributes":{"annotation":"","childAction":"","configIssues":"","configSt":"applied","descr":"","dn":"uni/tn-common/out-HC-L3out-OSPF/instP-EXT_NET","exceptionTag":"","extMngdBy":"","floodOnEncap":"disabled","lcOwn":"local","matchT":"AtleastOne","mcast":"no","modTs":"2018-03-31T21:52:03.672+00:00","monPolDn":"uni/tn-common/monepg-default","name":"EXT_NET","nameAlias":"","pcTag":"49155","prefGrMemb":"exclude","prio":"unspecified","scope":"2785281","status":"","targetDscp":"unspecified","triggerSt":"triggerable","txId":"1729382256913084056","uid":"15374"}}},{"l3extInstP":{"attributes":{"annotation":"","childAction":"","configIssues":"","configSt":"applied","descr":"","dn":"uni/tn-nh/out-l3out-204/instP-ext-epg-204","exceptionTag":"","extMngdBy":"","floodOnEncap":"disabled","lcOwn":"local","matchT":"AtleastOne","mcast":"no","modTs":"2018-02-26T18:08:25.382+00:00","monPolDn":"uni/tn-common/monepg-default","name":"ext-epg-204","nameAlias":"","pcTag":"10932","prefGrMemb":"exclude","prio":"unspecified","scope":"2260992","status":"","targetDscp":"unspecified","triggerSt":"triggerable","txId":"7493989779945752684","uid":"15374"}}},{"l3extInstP":{"attributes":{"annotation":"","childAction":"","configIssues":"","configSt":"applied","descr":"","dn":"uni/tn-nh/out-l3out-206/instP-epg-206-ext","exceptionTag":"","extMngdBy":"","floodOnEncap":"disabled","lcOwn":"local","matchT":"AtleastOne","mcast":"no","modTs":"2018-07-19T14:42:44.403+00:00","monPolDn":"uni/tn-common/monepg-default","name":"epg-206-ext","nameAlias":"","pcTag":"32777","prefGrMemb":"exclude","prio":"unspecified","scope":"2260992","status":"","targetDscp":"unspecified","triggerSt":"triggerable","txId":"7493989779945829023","uid":"15374"}}},{"l3extInstP":{"attributes":{"annotation":"","childAction":"","configIssues":"","configSt":"applied","descr":"","dn":"uni/tn-nh/out-l3out-207/instP-epg-207-ext","exceptionTag":"","extMngdBy":"","floodOnEncap":"disabled","lcOwn":"local","matchT":"AtleastOne","mcast":"no","modTs":"2018-11-26T13:04:16.835+00:00","monPolDn":"uni/tn-common/monepg-default","name":"epg-207-ext","nameAlias":"","pcTag":"16395","prefGrMemb":"exclude","prio":"unspecified","scope":"2260992","status":"","targetDscp":"unspecified","triggerSt":"triggerable","txId":"7493989779950099913","uid":"15374"}}},{"l3extInstP":{"attributes":{"annotation":"","childAction":"","configIssues":"","configSt":"applied","descr":"","dn":"uni/tn-nh/out-l3out-201/instP-ext-epg-201","exceptionTag":"","extMngdBy":"","floodOnEncap":"disabled","lcOwn":"local","matchT":"AtleastOne","mcast":"no","modTs":"2018-08-24T13:51:22.134+00:00","monPolDn":"uni/tn-common/monepg-default","name":"ext-epg-201","nameAlias":"","pcTag":"49160","prefGrMemb":"exclude","prio":"unspecified","scope":"2260992","status":"","targetDscp":"unspecified","triggerSt":"triggerable","txId":"7493989779952508355","uid":"15374"}}},{"l3extInstP":{"attributes":{"annotation":"","childAction":"","configIssues":"","configSt":"applied","descr":"","dn":"uni/tn-jh-a/out-jh-l3out-route/instP-ext-epg","exceptionTag":"","extMngdBy":"","floodOnEncap":"disabled","lcOwn":"local","matchT":"AtleastOne","mcast":"no","modTs":"2019-01-30T15:32:41.920+00:00","monPolDn":"uni/tn-common/monepg-default","name":"ext-epg","nameAlias":"","pcTag":"16396","prefGrMemb":"exclude","prio":"unspecified","scope":"2555904","status":"","targetDscp":"unspecified","triggerSt":"triggerable","txId":"14885911","uid":"15374"}}}]