[{"l3extLIfP":{"attributes":{"addr":"0.0.0.0","annotation":"","childAction":"","descr":"","dn":"uni/tn-Tenant1/out-HC-L3out-BGP/lnodep-Node_Pro_BGP/lifp-Int_Pro_BGP","encap":"unknown","extMngdBy":"","lcOwn":"local","modTs":"2018-03-31T22:24:23.090+00:00","monPolDn":"uni/tn-common/monepg-default","name":"Int_Pro_BGP","nameAlias":"","ownerKey":"","ownerTag":"","status":"","tag":"yellow-green","targetDscp":"unspecified","uid":"15374"}}},{"l3extLIfP":{"attributes":{"addr":"0.0.0.0","annotation":"","childAction":"","descr":"","dn":"uni/tn-common/out-HC-L3out-OSPF/lnodep-Node_Profile/lifp-Int_Pro","encap":"unknown","extMngdBy":"","lcOwn":"local","modTs":"2018-03-31T21:52:03.651+00:00","monPolDn":"uni/tn-common/monepg-default","name":"Int_Pro","nameAlias":"","ownerKey":"","ownerTag":"","status":"","tag":"yellow-green","targetDscp":"unspecified","uid":"15374"}}},{"l3extLIfP":{"attributes":{"addr":"0.0.0.0","annotation":"","childAction":"","descr":"","dn":"uni/tn-jh-a/out-jh-l3out-route/lnodep-jh-ospf-node-prof/lifp-jh-ospf-int-prf","encap":"unknown","extMngdBy":"","lcOwn":"local","modTs":"2019-01-29T20:35:38.669+00:00","monPolDn":"uni/tn-common/monepg-default","name":"jh-ospf-int-prf","nameAlias":"","ownerKey":"","ownerTag":"","status":"","tag":"yellow-green","targetDscp":"unspecified","uid":"15374"}}},{"l3extLIfP":{"attributes":{"addr":"0.0.0.0","annotation":"","childAction":"","descr":"","dn":"uni/tn-nh/out-l3out-207/lnodep-nodeprofile-207/lifp-intprofile-207","encap":"unknown","extMngdBy":"","lcOwn":"local","modTs":"2018-06-19T16:12:31.505+00:00","monPolDn":"uni/tn-common/monepg-default","name":"intprofile-207","nameAlias":"","ownerKey":"","ownerTag":"","status":"","tag":"yellow-green","targetDscp":"unspecified","uid":"15374"}}},{"l3extLIfP":{"attributes":{"addr":"0.0.0.0","annotation":"","childAction":"","descr":"","dn":"uni/tn-nh/out-l3out-201/lnodep-nodeprofile-101/lifp-ospf-int-profile-1-17","encap":"unknown","extMngdBy":"","lcOwn":"local","modTs":"2018-08-24T13:44:55.403+00:00","monPolDn":"uni/tn-common/monepg-default","name":"ospf-int-profile-1-17","nameAlias":"","ownerKey":"","ownerTag":"","status":"","tag":"yellow-green","targetDscp":"unspecified","uid":"15374"}}},{"l3extLIfP":{"attributes":{"addr":"0.0.0.0","annotation":"","childAction":"","descr":"","dn":"uni/tn-nh/out-l3out-206/lnodep-nodeprofile-206/lifp-intprofile-206","encap":"unknown","extMngdBy":"","lcOwn":"local","modTs":"2018-02-16T16:44:16.371+00:00","monPolDn":"uni/tn-common/monepg-default","name":"intprofile-206","nameAlias":"","ownerKey":"","ownerTag":"","status":"","tag":"yellow-green","targetDscp":"unspecified","uid":"15374"}}},{"l3extLIfP":{"attributes":{"addr":"0.0.0.0","annotation":"","childAction":"","descr":"","dn":"uni/tn-nh/out-l3out-204/lnodep-nodeprofile-101-102/lifp-intprofile-vpc-18","encap":"unknown","extMngdBy":"","lcOwn":"local","modTs":"2018-02-14T15:48:45.218+00:00","monPolDn":"uni/tn-common/monepg-default","name":"intprofile-vpc-18","nameAlias":"","ownerKey":"","ownerTag":"","status":"","tag":"yellow-green","targetDscp":"unspecified","uid":"15374"}}}]