[{"l3extLNodeP":{"attributes":{"annotation":"","childAction":"","configIssues":"","descr":"","dn":"uni/tn-Tenant1/out-HC-L3out-BGP/lnodep-Node_Pro_BGP","extMngdBy":"","lcOwn":"local","modTs":"2018-03-31T22:24:23.090+00:00","monPolDn":"uni/tn-common/monepg-default","name":"Node_Pro_BGP","nameAlias":"","ownerKey":"","ownerTag":"","status":"","tag":"yellow-green","targetDscp":"unspecified","uid":"15374"}}},{"l3extLNodeP":{"attributes":{"annotation":"","childAction":"","configIssues":"","descr":"","dn":"uni/tn-jh-a/out-jh-l3out-route/lnodep-jh-ospf-node-prof","extMngdBy":"","lcOwn":"local","modTs":"2019-01-30T15:21:42.609+00:00","monPolDn":"uni/tn-common/monepg-default","name":"jh-ospf-node-prof","nameAlias":"","ownerKey":"","ownerTag":"","status":"","tag":"yellow-green","targetDscp":"unspecified","uid":"15374"}}},{"l3extLNodeP":{"attributes":{"annotation":"","childAction":"","configIssues":"","descr":"","dn":"uni/tn-nh/out-l3out-204/lnodep-nodeprofile-101-102","extMngdBy":"","lcOwn":"local","modTs":"2018-02-14T15:45:37.161+00:00","monPolDn":"uni/tn-common/monepg-default","name":"nodeprofile-101-102","nameAlias":"","ownerKey":"","ownerTag":"","status":"","tag":"yellow-green","targetDscp":"unspecified","uid":"15374"}}},{"l3extLNodeP":{"attributes":{"annotation":"","childAction":"","configIssues":"","descr":"","dn":"uni/tn-nh/out-l3out-206/lnodep-nodeprofile-206","extMngdBy":"","lcOwn":"local","modTs":"2018-02-16T16:44:16.371+00:00","monPolDn":"uni/tn-common/monepg-default","name":"nodeprofile-206","nameAlias":"","ownerKey":"","ownerTag":"","status":"","tag":"yellow-green","targetDscp":"unspecified","uid":"15374"}}},{"l3extLNodeP":{"attributes":{"annotation":"","childAction":"","configIssues":"","descr":"","dn":"uni/tn-nh/out-l3out-201/lnodep-nodeprofile-101","extMngdBy":"","lcOwn":"local","modTs":"2018-08-24T13:44:55.403+00:00","monPolDn":"uni/tn-common/monepg-default","name":"nodeprofile-101","nameAlias":"","ownerKey":"","ownerTag":"","status":"","tag":"yellow-green","targetDscp":"unspecified","uid":"15374"}}},{"l3extLNodeP":{"attributes":{"annotation":"","childAction":"","configIssues":"","descr":"","dn":"uni/tn-nh/out-l3out-207/lnodep-nodeprofile-207","extMngdBy":"","lcOwn":"local","modTs":"2018-06-19T16:10:51.559+00:00","monPolDn":"uni/tn-common/monepg-default","name":"nodeprofile-207","nameAlias":"","ownerKey":"","ownerTag":"","status":"","tag":"yellow-green","targetDscp":"unspecified","uid":"15374"}}},{"l3extLNodeP":{"attributes":{"annotation":"","childAction":"","configIssues":"","descr":"","dn":"uni/tn-common/out-HC-L3out-OSPF/lnodep-Node_Profile","extMngdBy":"","lcOwn":"local","modTs":"2018-03-31T21:52:03.651+00:00","monPolDn":"uni/tn-common/monepg-default","name":"Node_Profile","nameAlias":"","ownerKey":"","ownerTag":"","status":"","tag":"yellow-green","targetDscp":"unspecified","uid":"15374"}}}]