[{"l3extOut":{"attributes":{"annotation":"","childAction":"","descr":"","dn":"uni/tn-common/out-default","enforceRtctrl":"export","extMngdBy":"","lcOwn":"local","modTs":"2018-01-10T18:07:53.259+00:00","monPolDn":"uni/tn-common/monepg-default","name":"default","nameAlias":"","ownerKey":"","ownerTag":"","status":"","targetDscp":"unspecified","uid":"0"}}},{"l3extOut":{"attributes":{"annotation":"","childAction":"","descr":"","dn":"uni/tn-Tenant1/out-HC-L3out-BGP","enforceRtctrl":"export","extMngdBy":"","lcOwn":"local","modTs":"2018-03-31T22:24:23.090+00:00","monPolDn":"uni/tn-common/monepg-default","name":"HC-L3out-BGP","nameAlias":"","ownerKey":"","ownerTag":"","status":"","targetDscp":"unspecified","uid":"15374"}}},{"l3extOut":{"attributes":{"annotation":"","childAction":"","descr":"","dn":"uni/tn-nh/out-l3out-201","enforceRtctrl":"export","extMngdBy":"","lcOwn":"local","modTs":"2018-08-24T13:44:55.403+00:00","monPolDn":"uni/tn-common/monepg-default","name":"l3out-201","nameAlias":"","ownerKey":"","ownerTag":"","status":"","targetDscp":"unspecified","uid":"15374"}}},{"l3extOut":{"attributes":{"annotation":"","childAction":"","descr":"","dn":"uni/tn-common/out-HC-L3out-OSPF","enforceRtctrl":"export","extMngdBy":"","lcOwn":"local","modTs":"2018-03-31T21:52:03.651+00:00","monPolDn":"uni/tn-common/monepg-default","name":"HC-L3out-OSPF","nameAlias":"","ownerKey":"","ownerTag":"","status":"","targetDscp":"unspecified","uid":"15374"}}},{"l3extOut":{"attributes":{"annotation":"","childAction":"","descr":"","dn":"uni/tn-nh/out-l3out-207","enforceRtctrl":"export","extMngdBy":"","lcOwn":"local","modTs":"2018-06-19T16:09:13.121+00:00","monPolDn":"uni/tn-common/monepg-default","name":"l3out-207","nameAlias":"","ownerKey":"","ownerTag":"","status":"","targetDscp":"unspecified","uid":"15374"}}},{"l3extOut":{"attributes":{"annotation":"","childAction":"","descr":"","dn":"uni/tn-nh/out-l3out-206","enforceRtctrl":"export,import","extMngdBy":"","lcOwn":"local","modTs":"2018-10-18T11:52:50.860+00:00","monPolDn":"uni/tn-common/monepg-default","name":"l3out-206","nameAlias":"","ownerKey":"","ownerTag":"","status":"","targetDscp":"unspecified","uid":"15374"}}},{"l3extOut":{"attributes":{"annotation":"","childAction":"","descr":"","dn":"uni/tn-nh/out-l3out-204","enforceRtctrl":"export","extMngdBy":"","lcOwn":"local","modTs":"2018-03-15T10:17:23.780+00:00","monPolDn":"uni/tn-common/monepg-default","name":"l3out-204","nameAlias":"","ownerKey":"","ownerTag":"","status":"","targetDscp":"unspecified","uid":"15374"}}},{"l3extOut":{"attributes":{"annotation":"","childAction":"","descr":"","dn":"uni/tn-jh-a/out-jh-l3out-route","enforceRtctrl":"export","extMngdBy":"","lcOwn":"local","modTs":"2019-01-31T15:08:14.094+00:00","monPolDn":"uni/tn-common/monepg-default","name":"jh-l3out-route","nameAlias":"","ownerKey":"","ownerTag":"","status":"","targetDscp":"unspecified","uid":"15374"}}}]