[{"ctxClassCnt":{"attributes":{"childAction":"","count":"11","dn":"topology/pod-1/node-101/ccnt-fvEpP","name":"fvEpP","status":""}}},{"ctxClassCnt":{"attributes":{"childAction":"","count":"12","dn":"topology/pod-1/node-101/ccnt-l2BD","name":"l2BD","status":""}}},{"ctxClassCnt":{"attributes":{"childAction":"","count":"9","dn":"topology/pod-1/node-101/ccnt-l3Dom","name":"l3Dom","status":""}}},{"ctxClassCnt":{"attributes":{"childAction":"","count":"10","dn":"topology/pod-1/node-102/ccnt-fvEpP","name":"fvEpP","status":""}}},{"ctxClassCnt":{"attributes":{"childAction":"","count":"14","dn":"topology/pod-1/node-102/ccnt-l2BD","name":"l2BD","status":""}}},{"ctxClassCnt":{"attributes":{"childAction":"","count":"9","dn":"topology/pod-1/node-102/ccnt-l3Dom","name":"l3Dom","status":""}}},{"ctxClassCnt":{"attributes":{"childAction":"","count":"0","dn":"topology/pod-1/node-201/ccnt-fvEpP","name":"fvEpP","status":""}}},{"ctxClassCnt":{"attributes":{"childAction":"","count":"0","dn":"topology/pod-1/node-201/ccnt-l2BD","name":"l2BD","status":""}}},{"ctxClassCnt":{"attributes":{"childAction":"","count":"3","dn":"topology/pod-1/node-201/ccnt-l3Dom","name":"l3Dom","status":""}}}]