[{"eqptcapacityEntity":{"attributes":{"childAction":"","dn":"topology/pod-1/node-101/sys/eqptcapacity","lcOwn":"local","modTs":"2019-04-04T20:32:58.232+00:00","monPolDn":"uni/fabric/monfab-default","name":"","nameAlias":"","status":""},"children":[{"eqptcapacityL2Usage5min":{"attributes":{"childAction":"","cnt":"17","lastCollOffset":"170","localEpAvg":"252645135","localEpBase":"0","localEpCapAvg":"0","localEpCapBase":"0","localEpCapCum":"12288","localEpCapLast":"0","localEpCapMax":"0","localEpCapMin":"0","localEpCapPer":"0","localEpCapRate":"0.000000","localEpCapSpct":"0","localEpCapThr":"","localEpCapTr":"0","localEpCapTrBase":"0","localEpCum":"20","localEpLast":"0","localEpMax":"4294967295","localEpMin":"0","localEpPer":"4294967295","localEpRate":"25264364.886089","localEpSpct":"0","localEpThr":"","localEpTr":"0","localEpTrBase":"0","modTs":"never","normalizedAvg":"0","normalizedLast":"0","normalizedMax":"0","normalizedMin":"0","normalizedSpct":"0","normalizedThr":"","normalizedTr":"0","normalizedTrBase":"0","normalizedTtl":"0","repIntvEnd":"2019-05-02T23:32:42.178+00:00","repIntvStart":"2019-05-02T23:29:52.177+00:00","rn":"CDeqptcapacityL2Usage5min","status":""}}},{"eqptcapacityL3RemoteUsage5min":{"attributes":{"childAction":"","cnt":"17","lastCollOffset":"170","modTs":"never","repIntvEnd":"2019-05-02T23:32:42.177+00:00","repIntvStart":"2019-05-02T23:29:52.176+00:00","rn":"CDeqptcapacityL3RemoteUsage5min","status":"","v4RemoteEpAvg":"0","v4RemoteEpBase":"0","v4RemoteEpCum":"0","v4RemoteEpLast":"0","v4RemoteEpMax":"0","v4RemoteEpMin":"0","v4RemoteEpPer":"0","v4RemoteEpRate":"0.000000","v4RemoteEpSpct":"0","v4RemoteEpThr":"","v4RemoteEpTr":"0","v4RemoteEpTrBase":"0","v6RemoteEpAvg":"0","v6RemoteEpBase":"0","v6RemoteEpCum":"0","v6RemoteEpLast":"0","v6RemoteEpMax":"0","v6RemoteEpMin":"0","v6RemoteEpPer":"0","v6RemoteEpRate":"0.000000","v6RemoteEpSpct":"0","v6RemoteEpThr":"","v6RemoteEpTr":"0","v6RemoteEpTrBase":"0"}}},{"eqptcapacityL2TotalUsage5min":{"attributes":{"childAction":"","cnt":"17","lastCollOffset":"170","modTs":"never","repIntvEnd":"2019-05-02T23:32:42.178+00:00","repIntvStart":"2019-05-02T23:29:52.177+00:00","rn":"CDeqptcapacityL2TotalUsage5min","status":"","totalEpAvg":"252645135","totalEpBase":"0","totalEpCapAvg":"0","totalEpCapBase":"0","totalEpCapCum":"24576","totalEpCapLast":"0","totalEpCapMax":"0","totalEpCapMin":"0","totalEpCapPer":"0","totalEpCapRate":"0.000000","totalEpCapSpct":"0","totalEpCapThr":"","totalEpCapTr":"0","totalEpCapTrBase":"0","totalEpCum":"20","totalEpLast":"0","totalEpMax":"4294967295","totalEpMin":"0","totalEpPer":"4294967295","totalEpRate":"25264364.886089","totalEpSpct":"0","totalEpThr":"","totalEpTr":"0","totalEpTrBase":"0","totalNormalizedAvg":"0","totalNormalizedLast":"0","totalNormalizedMax":"0","totalNormalizedMin":"0","totalNormalizedSpct":"0","totalNormalizedThr":"","totalNormalizedTr":"0","totalNormalizedTrBase":"0","totalNormalizedTtl":"0"}}},{"eqptcapacityPolUsage5min":{"attributes":{"childAction":"","cnt":"17","lastCollOffset":"170","modTs":"never","polUsageAvg":"0","polUsageBase":"0","polUsageCapAvg":"0","polUsageCapBase":"0","polUsageCapCum":"65536","polUsageCapLast":"0","polUsageCapMax":"0","polUsageCapMin":"0","polUsageCapPer":"0","polUsageCapRate":"0.000000","polUsageCapSpct":"0","polUsageCapThr":"","polUsageCapTr":"0","polUsageCapTrBase":"0","polUsageCum":"67","polUsageLast":"0","polUsageMax":"0","polUsageMin":"0","polUsagePer":"0","polUsageRate":"0.000000","polUsageSpct":"0","polUsageThr":"","polUsageTr":"0","polUsageTrBase":"0","repIntvEnd":"2019-05-02T23:32:42.177+00:00","repIntvStart":"2019-05-02T23:29:52.177+00:00","rn":"CDeqptcapacityPolUsage5min","status":""}}},{"eqptcapacityMcastUsage5min":{"attributes":{"childAction":"","cnt":"17","lastCollOffset":"170","localEpAvg":"0","localEpBase":"0","localEpCapAvg":"0","localEpCapBase":"0","localEpCapCum":"8192","localEpCapLast":"0","localEpCapMax":"0","localEpCapMin":"0","localEpCapPer":"0","localEpCapRate":"0.000000","localEpCapSpct":"0","localEpCapThr":"","localEpCapTr":"0","localEpCapTrBase":"0","localEpCum":"2","localEpLast":"0","localEpMax":"0","localEpMin":"0","localEpPer":"0","localEpRate":"0.000000","localEpSpct":"0","localEpThr":"","localEpTr":"0","localEpTrBase":"0","modTs":"never","normalizedAvg":"0","normalizedLast":"0","normalizedMax":"0","normalizedMin":"0","normalizedSpct":"0","normalizedThr":"","normalizedTr":"0","normalizedTrBase":"0","normalizedTtl":"0","repIntvEnd":"2019-05-02T23:32:42.177+00:00","repIntvStart":"2019-05-02T23:29:52.177+00:00","rn":"CDeqptcapacityMcastUsage5min","status":""}}},{"eqptcapacityL3TotalUsage5min":{"attributes":{"childAction":"","cnt":"17","lastCollOffset":"170","modTs":"never","repIntvEnd":"2019-05-02T23:32:42.177+00:00","repIntvStart":"2019-05-02T23:29:52.176+00:00","rn":"CDeqptcapacityL3TotalUsage5min","status":"","v4TotalEpAvg":"0","v4TotalEpBase":"0","v4TotalEpCum":"15","v4TotalEpLast":"0","v4TotalEpMax":"0","v4TotalEpMin":"0","v4TotalEpPer":"0","v4TotalEpRate":"0.000000","v4TotalEpSpct":"0","v4TotalEpThr":"","v4TotalEpTr":"0","v4TotalEpTrBase":"0","v6TotalEpAvg":"0","v6TotalEpBase":"0","v6TotalEpCum":"0","v6TotalEpLast":"0","v6TotalEpMax":"0","v6TotalEpMin":"0","v6TotalEpPer":"0","v6TotalEpRate":"0.000000","v6TotalEpSpct":"0","v6TotalEpThr":"","v6TotalEpTr":"0","v6TotalEpTrBase":"0"}}},{"eqptcapacityVlanUsage5min":{"attributes":{"childAction":"","cnt":"17","lastCollOffset":"170","modTs":"never","repIntvEnd":"2019-05-02T23:32:42.177+00:00","repIntvStart":"2019-05-02T23:29:52.176+00:00","rn":"CDeqptcapacityVlanUsage5min","status":"","totalAvg":"0","totalBase":"0","totalCapAvg":"0","totalCapBase":"0","totalCapCum":"3960","totalCapLast":"0","totalCapMax":"0","totalCapMin":"0","totalCapPer":"0","totalCapRate":"0.000000","totalCapSpct":"0","totalCapThr":"","totalCapTr":"0","totalCapTrBase":"0","totalCum":"25","totalLast":"0","totalMax":"0","totalMin":"0","totalPer":"0","totalRate":"0.000000","totalSpct":"0","totalThr":"","totalTr":"0","totalTrBase":"0"}}},{"eqptcapacityL2RemoteUsage5min":{"attributes":{"childAction":"","cnt":"17","lastCollOffset":"170","modTs":"never","remoteEpAvg":"0","remoteEpBase":"0","remoteEpCapAvg":"0","remoteEpCapBase":"0","remoteEpCapCum":"0","remoteEpCapLast":"0","remoteEpCapMax":"0","remoteEpCapMin":"0","remoteEpCapPer":"0","remoteEpCapRate":"0.000000","remoteEpCapSpct":"0","remoteEpCapThr":"","remoteEpCapTr":"0","remoteEpCapTrBase":"0","remoteEpCum":"0","remoteEpLast":"0","remoteEpMax":"0","remoteEpMin":"0","remoteEpPer":"0","remoteEpRate":"0.000000","remoteEpSpct":"0","remoteEpThr":"","remoteEpTr":"0","remoteEpTrBase":"0","remoteNormalizedAvg":"0","remoteNormalizedLast":"0","remoteNormalizedMax":"0","remoteNormalizedMin":"0","remoteNormalizedSpct":"0","remoteNormalizedThr":"","remoteNormalizedTr":"0","remoteNormalizedTrBase":"0","remoteNormalizedTtl":"0","repIntvEnd":"2019-05-02T23:32:42.178+00:00","repIntvStart":"2019-05-02T23:29:52.177+00:00","rn":"CDeqptcapacityL2RemoteUsage5min","status":""}}},{"eqptcapacityL3UsageCap5min":{"attributes":{"childAction":"","cnt":"17","lastCollOffset":"170","modTs":"never","repIntvEnd":"2019-05-02T23:32:42.177+00:00","repIntvStart":"2019-05-02T23:29:52.176+00:00","rn":"CDeqptcapacityL3UsageCap5min","status":"","v4LocalEpCapAvg":"0","v4LocalEpCapBase":"0","v4LocalEpCapCum":"12288","v4LocalEpCapLast":"0","v4LocalEpCapMax":"0","v4LocalEpCapMin":"0","v4LocalEpCapPer":"0","v4LocalEpCapRate":"0.000000","v4LocalEpCapSpct":"0","v4LocalEpCapThr":"","v4LocalEpCapTr":"0","v4LocalEpCapTrBase":"0","v6LocalEpCapAvg":"0","v6LocalEpCapBase":"0","v6LocalEpCapCum":"8192","v6LocalEpCapLast":"0","v6LocalEpCapMax":"0","v6LocalEpCapMin":"0","v6LocalEpCapPer":"0","v6LocalEpCapRate":"0.000000","v6LocalEpCapSpct":"0","v6LocalEpCapThr":"","v6LocalEpCapTr":"0","v6LocalEpCapTrBase":"0"}}},{"eqptcapacityL3RemoteUsageCap5min":{"attributes":{"childAction":"","cnt":"17","lastCollOffset":"170","modTs":"never","repIntvEnd":"2019-05-02T23:32:42.177+00:00","repIntvStart":"2019-05-02T23:29:52.176+00:00","rn":"CDeqptcapacityL3RemoteUsageCap5min","status":"","v4RemoteEpCapAvg":"0","v4RemoteEpCapBase":"0","v4RemoteEpCapCum":"0","v4RemoteEpCapLast":"0","v4RemoteEpCapMax":"0","v4RemoteEpCapMin":"0","v4RemoteEpCapPer":"0","v4RemoteEpCapRate":"0.000000","v4RemoteEpCapSpct":"0","v4RemoteEpCapThr":"","v4RemoteEpCapTr":"0","v4RemoteEpCapTrBase":"0","v6RemoteEpCapAvg":"0","v6RemoteEpCapBase":"0","v6RemoteEpCapCum":"0","v6RemoteEpCapLast":"0","v6RemoteEpCapMax":"0","v6RemoteEpCapMin":"0","v6RemoteEpCapPer":"0","v6RemoteEpCapRate":"0.000000","v6RemoteEpCapSpct":"0","v6RemoteEpCapThr":"","v6RemoteEpCapTr":"0","v6RemoteEpCapTrBase":"0"}}},{"eqptcapacityL3Usage5min":{"attributes":{"childAction":"","cnt":"17","lastCollOffset":"170","localEpAvg":"0","localEpBase":"0","localEpCum":"15","localEpLast":"0","localEpMax":"0","localEpMin":"0","localEpPer":"0","localEpRate":"0.000000","localEpSpct":"0","localEpThr":"","localEpTr":"0","localEpTrBase":"0","modTs":"never","repIntvEnd":"2019-05-02T23:32:42.177+00:00","repIntvStart":"2019-05-02T23:29:52.176+00:00","rn":"CDeqptcapacityL3Usage5min","status":"","v4LocalEpAvg":"0","v4LocalEpBase":"0","v4LocalEpCum":"15","v4LocalEpLast":"0","v4LocalEpMax":"0","v4LocalEpMin":"0","v4LocalEpPer":"0","v4LocalEpRate":"0.000000","v4LocalEpSpct":"0","v4LocalEpThr":"","v4LocalEpTr":"0","v4LocalEpTrBase":"0","v6LocalEpAvg":"0","v6LocalEpBase":"0","v6LocalEpCum":"0","v6LocalEpLast":"0","v6LocalEpMax":"0","v6LocalEpMin":"0","v6LocalEpPer":"0","v6LocalEpRate":"0.000000","v6LocalEpSpct":"0","v6LocalEpThr":"","v6LocalEpTr":"0","v6LocalEpTrBase":"0"}}},{"eqptcapacityL3TotalUsageCap5min":{"attributes":{"childAction":"","cnt":"17","lastCollOffset":"170","modTs":"never","repIntvEnd":"2019-05-02T23:32:42.177+00:00","repIntvStart":"2019-05-02T23:29:52.176+00:00","rn":"CDeqptcapacityL3TotalUsageCap5min","status":"","v4TotalEpCapAvg":"0","v4TotalEpCapBase":"0","v4TotalEpCapCum":"24576","v4TotalEpCapLast":"0","v4TotalEpCapMax":"0","v4TotalEpCapMin":"0","v4TotalEpCapPer":"0","v4TotalEpCapRate":"0.000000","v4TotalEpCapSpct":"0","v4TotalEpCapThr":"","v4TotalEpCapTr":"0","v4TotalEpCapTrBase":"0","v6TotalEpCapAvg":"0","v6TotalEpCapBase":"0","v6TotalEpCapCum":"12288","v6TotalEpCapLast":"0","v6TotalEpCapMax":"0","v6TotalEpCapMin":"0","v6TotalEpCapPer":"0","v6TotalEpCapRate":"0.000000","v6TotalEpCapSpct":"0","v6TotalEpCapThr":"","v6TotalEpCapTr":"0","v6TotalEpCapTrBase":"0"}}}]}},{"eqptcapacityEntity":{"attributes":{"childAction":"","dn":"topology/pod-1/node-102/sys/eqptcapacity","lcOwn":"local","modTs":"2019-03-12T19:55:08.368+00:00","monPolDn":"uni/fabric/monfab-default","name":"","nameAlias":"","status":""},"children":[{"eqptcapacityL2Usage5min":{"attributes":{"childAction":"","cnt":"17","lastCollOffset":"170","localEpAvg":"252645135","localEpBase":"0","localEpCapAvg":"0","localEpCapBase":"0","localEpCapCum":"12288","localEpCapLast":"0","localEpCapMax":"0","localEpCapMin":"0","localEpCapPer":"0","localEpCapRate":"0.000000","localEpCapSpct":"0","localEpCapThr":"","localEpCapTr":"0","localEpCapTrBase":"0","localEpCum":"24","localEpLast":"0","localEpMax":"4294967295","localEpMin":"0","localEpPer":"4294967295","localEpRate":"25264513.500000","localEpSpct":"0","localEpThr":"","localEpTr":"0","localEpTrBase":"0","modTs":"never","normalizedAvg":"0","normalizedLast":"0","normalizedMax":"0","normalizedMin":"0","normalizedSpct":"0","normalizedThr":"","normalizedTr":"0","normalizedTrBase":"0","normalizedTtl":"0","repIntvEnd":"2019-05-02T23:32:42.040+00:00","repIntvStart":"2019-05-02T23:29:52.040+00:00","rn":"CDeqptcapacityL2Usage5min","status":""}}},{"eqptcapacityL3RemoteUsage5min":{"attributes":{"childAction":"","cnt":"17","lastCollOffset":"170","modTs":"never","repIntvEnd":"2019-05-02T23:32:42.040+00:00","repIntvStart":"2019-05-02T23:29:52.040+00:00","rn":"CDeqptcapacityL3RemoteUsage5min","status":"","v4RemoteEpAvg":"0","v4RemoteEpBase":"0","v4RemoteEpCum":"0","v4RemoteEpLast":"0","v4RemoteEpMax":"0","v4RemoteEpMin":"0","v4RemoteEpPer":"0","v4RemoteEpRate":"0.000000","v4RemoteEpSpct":"0","v4RemoteEpThr":"","v4RemoteEpTr":"0","v4RemoteEpTrBase":"0","v6RemoteEpAvg":"0","v6RemoteEpBase":"0","v6RemoteEpCum":"0","v6RemoteEpLast":"0","v6RemoteEpMax":"0","v6RemoteEpMin":"0","v6RemoteEpPer":"0","v6RemoteEpRate":"0.000000","v6RemoteEpSpct":"0","v6RemoteEpThr":"","v6RemoteEpTr":"0","v6RemoteEpTrBase":"0"}}},{"eqptcapacityL2TotalUsage5min":{"attributes":{"childAction":"","cnt":"17","lastCollOffset":"170","modTs":"never","repIntvEnd":"2019-05-02T23:32:42.040+00:00","repIntvStart":"2019-05-02T23:29:52.040+00:00","rn":"CDeqptcapacityL2TotalUsage5min","status":"","totalEpAvg":"252645135","totalEpBase":"0","totalEpCapAvg":"0","totalEpCapBase":"0","totalEpCapCum":"24576","totalEpCapLast":"0","totalEpCapMax":"0","totalEpCapMin":"0","totalEpCapPer":"0","totalEpCapRate":"0.000000","totalEpCapSpct":"0","totalEpCapThr":"","totalEpCapTr":"0","totalEpCapTrBase":"0","totalEpCum":"24","totalEpLast":"0","totalEpMax":"4294967295","totalEpMin":"0","totalEpPer":"4294967295","totalEpRate":"25264513.500000","totalEpSpct":"0","totalEpThr":"","totalEpTr":"0","totalEpTrBase":"0","totalNormalizedAvg":"0","totalNormalizedLast":"0","totalNormalizedMax":"0","totalNormalizedMin":"0","totalNormalizedSpct":"0","totalNormalizedThr":"","totalNormalizedTr":"0","totalNormalizedTrBase":"0","totalNormalizedTtl":"0"}}},{"eqptcapacityPolUsage5min":{"attributes":{"childAction":"","cnt":"17","lastCollOffset":"170","modTs":"never","polUsageAvg":"0","polUsageBase":"0","polUsageCapAvg":"0","polUsageCapBase":"0","polUsageCapCum":"65536","polUsageCapLast":"0","polUsageCapMax":"0","polUsageCapMin":"0","polUsageCapPer":"0","polUsageCapRate":"0.000000","polUsageCapSpct":"0","polUsageCapThr":"","polUsageCapTr":"0","polUsageCapTrBase":"0","polUsageCum":"58","polUsageLast":"0","polUsageMax":"0","polUsageMin":"0","polUsagePer":"0","polUsageRate":"0.000000","polUsageSpct":"0","polUsageThr":"","polUsageTr":"0","polUsageTrBase":"0","repIntvEnd":"2019-05-02T23:32:42.040+00:00","repIntvStart":"2019-05-02T23:29:52.040+00:00","rn":"CDeqptcapacityPolUsage5min","status":""}}},{"eqptcapacityMcastUsage5min":{"attributes":{"childAction":"","cnt":"17","lastCollOffset":"170","localEpAvg":"0","localEpBase":"0","localEpCapAvg":"0","localEpCapBase":"0","localEpCapCum":"8192","localEpCapLast":"0","localEpCapMax":"0","localEpCapMin":"0","localEpCapPer":"0","localEpCapRate":"0.000000","localEpCapSpct":"0","localEpCapThr":"","localEpCapTr":"0","localEpCapTrBase":"0","localEpCum":"2","localEpLast":"0","localEpMax":"0","localEpMin":"0","localEpPer":"0","localEpRate":"0.000000","localEpSpct":"0","localEpThr":"","localEpTr":"0","localEpTrBase":"0","modTs":"never","normalizedAvg":"0","normalizedLast":"0","normalizedMax":"0","normalizedMin":"0","normalizedSpct":"0","normalizedThr":"","normalizedTr":"0","normalizedTrBase":"0","normalizedTtl":"0","repIntvEnd":"2019-05-02T23:32:42.040+00:00","repIntvStart":"2019-05-02T23:29:52.040+00:00","rn":"CDeqptcapacityMcastUsage5min","status":""}}},{"eqptcapacityL3TotalUsage5min":{"attributes":{"childAction":"","cnt":"17","lastCollOffset":"170","modTs":"never","repIntvEnd":"2019-05-02T23:32:42.040+00:00","repIntvStart":"2019-05-02T23:29:52.040+00:00","rn":"CDeqptcapacityL3TotalUsage5min","status":"","v4TotalEpAvg":"0","v4TotalEpBase":"0","v4TotalEpCum":"15","v4TotalEpLast":"0","v4TotalEpMax":"0","v4TotalEpMin":"0","v4TotalEpPer":"0","v4TotalEpRate":"0.000000","v4TotalEpSpct":"0","v4TotalEpThr":"","v4TotalEpTr":"0","v4TotalEpTrBase":"0","v6TotalEpAvg":"0","v6TotalEpBase":"0","v6TotalEpCum":"0","v6TotalEpLast":"0","v6TotalEpMax":"0","v6TotalEpMin":"0","v6TotalEpPer":"0","v6TotalEpRate":"0.000000","v6TotalEpSpct":"0","v6TotalEpThr":"","v6TotalEpTr":"0","v6TotalEpTrBase":"0"}}},{"eqptcapacityVlanUsage5min":{"attributes":{"childAction":"","cnt":"17","lastCollOffset":"170","modTs":"never","repIntvEnd":"2019-05-02T23:32:42.040+00:00","repIntvStart":"2019-05-02T23:29:52.039+00:00","rn":"CDeqptcapacityVlanUsage5min","status":"","totalAvg":"0","totalBase":"0","totalCapAvg":"0","totalCapBase":"0","totalCapCum":"3960","totalCapLast":"0","totalCapMax":"0","totalCapMin":"0","totalCapPer":"0","totalCapRate":"0.000000","totalCapSpct":"0","totalCapThr":"","totalCapTr":"0","totalCapTrBase":"0","totalCum":"23","totalLast":"0","totalMax":"0","totalMin":"0","totalPer":"0","totalRate":"0.000000","totalSpct":"0","totalThr":"","totalTr":"0","totalTrBase":"0"}}},{"eqptcapacityL2RemoteUsage5min":{"attributes":{"childAction":"","cnt":"17","lastCollOffset":"170","modTs":"never","remoteEpAvg":"0","remoteEpBase":"0","remoteEpCapAvg":"0","remoteEpCapBase":"0","remoteEpCapCum":"0","remoteEpCapLast":"0","remoteEpCapMax":"0","remoteEpCapMin":"0","remoteEpCapPer":"0","remoteEpCapRate":"0.000000","remoteEpCapSpct":"0","remoteEpCapThr":"","remoteEpCapTr":"0","remoteEpCapTrBase":"0","remoteEpCum":"0","remoteEpLast":"0","remoteEpMax":"0","remoteEpMin":"0","remoteEpPer":"0","remoteEpRate":"0.000000","remoteEpSpct":"0","remoteEpThr":"","remoteEpTr":"0","remoteEpTrBase":"0","remoteNormalizedAvg":"0","remoteNormalizedLast":"0","remoteNormalizedMax":"0","remoteNormalizedMin":"0","remoteNormalizedSpct":"0","remoteNormalizedThr":"","remoteNormalizedTr":"0","remoteNormalizedTrBase":"0","remoteNormalizedTtl":"0","repIntvEnd":"2019-05-02T23:32:42.040+00:00","repIntvStart":"2019-05-02T23:29:52.040+00:00","rn":"CDeqptcapacityL2RemoteUsage5min","status":""}}},{"eqptcapacityL3UsageCap5min":{"attributes":{"childAction":"","cnt":"17","lastCollOffset":"170","modTs":"never","repIntvEnd":"2019-05-02T23:32:42.040+00:00","repIntvStart":"2019-05-02T23:29:52.040+00:00","rn":"CDeqptcapacityL3UsageCap5min","status":"","v4LocalEpCapAvg":"0","v4LocalEpCapBase":"0","v4LocalEpCapCum":"12288","v4LocalEpCapLast":"0","v4LocalEpCapMax":"0","v4LocalEpCapMin":"0","v4LocalEpCapPer":"0","v4LocalEpCapRate":"0.000000","v4LocalEpCapSpct":"0","v4LocalEpCapThr":"","v4LocalEpCapTr":"0","v4LocalEpCapTrBase":"0","v6LocalEpCapAvg":"0","v6LocalEpCapBase":"0","v6LocalEpCapCum":"8192","v6LocalEpCapLast":"0","v6LocalEpCapMax":"0","v6LocalEpCapMin":"0","v6LocalEpCapPer":"0","v6LocalEpCapRate":"0.000000","v6LocalEpCapSpct":"0","v6LocalEpCapThr":"","v6LocalEpCapTr":"0","v6LocalEpCapTrBase":"0"}}},{"eqptcapacityL3RemoteUsageCap5min":{"attributes":{"childAction":"","cnt":"17","lastCollOffset":"170","modTs":"never","repIntvEnd":"2019-05-02T23:32:42.040+00:00","repIntvStart":"2019-05-02T23:29:52.040+00:00","rn":"CDeqptcapacityL3RemoteUsageCap5min","status":"","v4RemoteEpCapAvg":"0","v4RemoteEpCapBase":"0","v4RemoteEpCapCum":"0","v4RemoteEpCapLast":"0","v4RemoteEpCapMax":"0","v4RemoteEpCapMin":"0","v4RemoteEpCapPer":"0","v4RemoteEpCapRate":"0.000000","v4RemoteEpCapSpct":"0","v4RemoteEpCapThr":"","v4RemoteEpCapTr":"0","v4RemoteEpCapTrBase":"0","v6RemoteEpCapAvg":"0","v6RemoteEpCapBase":"0","v6RemoteEpCapCum":"0","v6RemoteEpCapLast":"0","v6RemoteEpCapMax":"0","v6RemoteEpCapMin":"0","v6RemoteEpCapPer":"0","v6RemoteEpCapRate":"0.000000","v6RemoteEpCapSpct":"0","v6RemoteEpCapThr":"","v6RemoteEpCapTr":"0","v6RemoteEpCapTrBase":"0"}}},{"eqptcapacityL3Usage5min":{"attributes":{"childAction":"","cnt":"17","lastCollOffset":"170","localEpAvg":"0","localEpBase":"0","localEpCum":"15","localEpLast":"0","localEpMax":"0","localEpMin":"0","localEpPer":"0","localEpRate":"0.000000","localEpSpct":"0","localEpThr":"","localEpTr":"0","localEpTrBase":"0","modTs":"never","repIntvEnd":"2019-05-02T23:32:42.040+00:00","repIntvStart":"2019-05-02T23:29:52.040+00:00","rn":"CDeqptcapacityL3Usage5min","status":"","v4LocalEpAvg":"0","v4LocalEpBase":"0","v4LocalEpCum":"15","v4LocalEpLast":"0","v4LocalEpMax":"0","v4LocalEpMin":"0","v4LocalEpPer":"0","v4LocalEpRate":"0.000000","v4LocalEpSpct":"0","v4LocalEpThr":"","v4LocalEpTr":"0","v4LocalEpTrBase":"0","v6LocalEpAvg":"0","v6LocalEpBase":"0","v6LocalEpCum":"0","v6LocalEpLast":"0","v6LocalEpMax":"0","v6LocalEpMin":"0","v6LocalEpPer":"0","v6LocalEpRate":"0.000000","v6LocalEpSpct":"0","v6LocalEpThr":"","v6LocalEpTr":"0","v6LocalEpTrBase":"0"}}},{"eqptcapacityL3TotalUsageCap5min":{"attributes":{"childAction":"","cnt":"17","lastCollOffset":"170","modTs":"never","repIntvEnd":"2019-05-02T23:32:42.040+00:00","repIntvStart":"2019-05-02T23:29:52.040+00:00","rn":"CDeqptcapacityL3TotalUsageCap5min","status":"","v4TotalEpCapAvg":"0","v4TotalEpCapBase":"0","v4TotalEpCapCum":"24576","v4TotalEpCapLast":"0","v4TotalEpCapMax":"0","v4TotalEpCapMin":"0","v4TotalEpCapPer":"0","v4TotalEpCapRate":"0.000000","v4TotalEpCapSpct":"0","v4TotalEpCapThr":"","v4TotalEpCapTr":"0","v4TotalEpCapTrBase":"0","v6TotalEpCapAvg":"0","v6TotalEpCapBase":"0","v6TotalEpCapCum":"12288","v6TotalEpCapLast":"0","v6TotalEpCapMax":"0","v6TotalEpCapMin":"0","v6TotalEpCapPer":"0","v6TotalEpCapRate":"0.000000","v6TotalEpCapSpct":"0","v6TotalEpCapThr":"","v6TotalEpCapTr":"0","v6TotalEpCapTrBase":"0"}}}]}},{"eqptcapacityEntity":{"attributes":{"childAction":"","dn":"topology/pod-1/node-201/sys/eqptcapacity","lcOwn":"local","modTs":"2019-03-12T19:58:12.978+00:00","monPolDn":"uni/fabric/monfab-default","name":"","nameAlias":"","status":""},"children":[{"eqptcapacityL2Usage5min":{"attributes":{"childAction":"","cnt":"34","lastCollOffset":"170","localEpAvg":"0","localEpBase":"0","localEpCapAvg":"0","localEpCapBase":"0","localEpCapCum":"0","localEpCapLast":"0","localEpCapMax":"0","localEpCapMin":"0","localEpCapPer":"0","localEpCapRate":"0.000000","localEpCapSpct":"0","localEpCapThr":"","localEpCapTr":"0","localEpCapTrBase":"0","localEpCum":"0","localEpLast":"0","localEpMax":"0","localEpMin":"0","localEpPer":"0","localEpRate":"0.000000","localEpSpct":"0","localEpThr":"","localEpTr":"0","localEpTrBase":"0","modTs":"never","normalizedAvg":"0","normalizedLast":"0","normalizedMax":"0","normalizedMin":"0","normalizedSpct":"0","normalizedThr":"","normalizedTr":"0","normalizedTrBase":"0","normalizedTtl":"0","repIntvEnd":"2019-05-02T23:32:48.982+00:00","repIntvStart":"2019-05-02T23:29:58.977+00:00","rn":"CDeqptcapacityL2Usage5min","status":""}}},{"eqptcapacityL3RemoteUsage5min":{"attributes":{"childAction":"","cnt":"34","lastCollOffset":"170","modTs":"never","repIntvEnd":"2019-05-02T23:32:48.982+00:00","repIntvStart":"2019-05-02T23:29:58.977+00:00","rn":"CDeqptcapacityL3RemoteUsage5min","status":"","v4RemoteEpAvg":"0","v4RemoteEpBase":"0","v4RemoteEpCum":"0","v4RemoteEpLast":"0","v4RemoteEpMax":"0","v4RemoteEpMin":"0","v4RemoteEpPer":"0","v4RemoteEpRate":"0.000000","v4RemoteEpSpct":"0","v4RemoteEpThr":"","v4RemoteEpTr":"0","v4RemoteEpTrBase":"0","v6RemoteEpAvg":"0","v6RemoteEpBase":"0","v6RemoteEpCum":"0","v6RemoteEpLast":"0","v6RemoteEpMax":"0","v6RemoteEpMin":"0","v6RemoteEpPer":"0","v6RemoteEpRate":"0.000000","v6RemoteEpSpct":"0","v6RemoteEpThr":"","v6RemoteEpTr":"0","v6RemoteEpTrBase":"0"}}},{"eqptcapacityL2TotalUsage5min":{"attributes":{"childAction":"","cnt":"34","lastCollOffset":"170","modTs":"never","repIntvEnd":"2019-05-02T23:32:48.982+00:00","repIntvStart":"2019-05-02T23:29:58.977+00:00","rn":"CDeqptcapacityL2TotalUsage5min","status":"","totalEpAvg":"0","totalEpBase":"0","totalEpCapAvg":"0","totalEpCapBase":"0","totalEpCapCum":"0","totalEpCapLast":"0","totalEpCapMax":"0","totalEpCapMin":"0","totalEpCapPer":"0","totalEpCapRate":"0.000000","totalEpCapSpct":"0","totalEpCapThr":"","totalEpCapTr":"0","totalEpCapTrBase":"0","totalEpCum":"0","totalEpLast":"0","totalEpMax":"0","totalEpMin":"0","totalEpPer":"0","totalEpRate":"0.000000","totalEpSpct":"0","totalEpThr":"","totalEpTr":"0","totalEpTrBase":"0","totalNormalizedAvg":"0","totalNormalizedLast":"0","totalNormalizedMax":"0","totalNormalizedMin":"0","totalNormalizedSpct":"0","totalNormalizedThr":"","totalNormalizedTr":"0","totalNormalizedTrBase":"0","totalNormalizedTtl":"0"}}},{"eqptcapacityPolUsage5min":{"attributes":{"childAction":"","cnt":"34","lastCollOffset":"170","modTs":"never","polUsageAvg":"0","polUsageBase":"0","polUsageCapAvg":"0","polUsageCapBase":"0","polUsageCapCum":"0","polUsageCapLast":"0","polUsageCapMax":"0","polUsageCapMin":"0","polUsageCapPer":"0","polUsageCapRate":"0.000000","polUsageCapSpct":"0","polUsageCapThr":"","polUsageCapTr":"0","polUsageCapTrBase":"0","polUsageCum":"0","polUsageLast":"0","polUsageMax":"0","polUsageMin":"0","polUsagePer":"0","polUsageRate":"0.000000","polUsageSpct":"0","polUsageThr":"","polUsageTr":"0","polUsageTrBase":"0","repIntvEnd":"2019-05-02T23:32:48.983+00:00","repIntvStart":"2019-05-02T23:29:58.977+00:00","rn":"CDeqptcapacityPolUsage5min","status":""}}},{"eqptcapacityMcastUsage5min":{"attributes":{"childAction":"","cnt":"34","lastCollOffset":"170","localEpAvg":"0","localEpBase":"0","localEpCapAvg":"0","localEpCapBase":"0","localEpCapCum":"0","localEpCapLast":"0","localEpCapMax":"0","localEpCapMin":"0","localEpCapPer":"0","localEpCapRate":"0.000000","localEpCapSpct":"0","localEpCapThr":"","localEpCapTr":"0","localEpCapTrBase":"0","localEpCum":"0","localEpLast":"0","localEpMax":"0","localEpMin":"0","localEpPer":"0","localEpRate":"0.000000","localEpSpct":"0","localEpThr":"","localEpTr":"0","localEpTrBase":"0","modTs":"never","normalizedAvg":"0","normalizedLast":"0","normalizedMax":"0","normalizedMin":"0","normalizedSpct":"0","normalizedThr":"","normalizedTr":"0","normalizedTrBase":"0","normalizedTtl":"0","repIntvEnd":"2019-05-02T23:32:48.983+00:00","repIntvStart":"2019-05-02T23:29:58.977+00:00","rn":"CDeqptcapacityMcastUsage5min","status":""}}},{"eqptcapacityL3TotalUsage5min":{"attributes":{"childAction":"","cnt":"34","lastCollOffset":"170","modTs":"never","repIntvEnd":"2019-05-02T23:32:48.982+00:00","repIntvStart":"2019-05-02T23:29:58.977+00:00","rn":"CDeqptcapacityL3TotalUsage5min","status":"","v4TotalEpAvg":"0","v4TotalEpBase":"0","v4TotalEpCum":"0","v4TotalEpLast":"0","v4TotalEpMax":"0","v4TotalEpMin":"0","v4TotalEpPer":"0","v4TotalEpRate":"0.000000","v4TotalEpSpct":"0","v4TotalEpThr":"","v4TotalEpTr":"0","v4TotalEpTrBase":"0","v6TotalEpAvg":"0","v6TotalEpBase":"0","v6TotalEpCum":"0","v6TotalEpLast":"0","v6TotalEpMax":"0","v6TotalEpMin":"0","v6TotalEpPer":"0","v6TotalEpRate":"0.000000","v6TotalEpSpct":"0","v6TotalEpThr":"","v6TotalEpTr":"0","v6TotalEpTrBase":"0"}}},{"eqptcapacityVlanUsage5min":{"attributes":{"childAction":"","cnt":"17","lastCollOffset":"170","modTs":"never","repIntvEnd":"2019-05-02T23:32:48.937+00:00","repIntvStart":"2019-05-02T23:29:58.922+00:00","rn":"CDeqptcapacityVlanUsage5min","status":"","totalAvg":"0","totalBase":"0","totalCapAvg":"0","totalCapBase":"0","totalCapCum":"0","totalCapLast":"0","totalCapMax":"0","totalCapMin":"0","totalCapPer":"0","totalCapRate":"0.000000","totalCapSpct":"0","totalCapThr":"","totalCapTr":"0","totalCapTrBase":"0","totalCum":"0","totalLast":"0","totalMax":"0","totalMin":"0","totalPer":"0","totalRate":"0.000000","totalSpct":"0","totalThr":"","totalTr":"0","totalTrBase":"0"}}},{"eqptcapacityL2RemoteUsage5min":{"attributes":{"childAction":"","cnt":"34","lastCollOffset":"170","modTs":"never","remoteEpAvg":"0","remoteEpBase":"0","remoteEpCapAvg":"0","remoteEpCapBase":"0","remoteEpCapCum":"0","remoteEpCapLast":"0","remoteEpCapMax":"0","remoteEpCapMin":"0","remoteEpCapPer":"0","remoteEpCapRate":"0.000000","remoteEpCapSpct":"0","remoteEpCapThr":"","remoteEpCapTr":"0","remoteEpCapTrBase":"0","remoteEpCum":"0","remoteEpLast":"0","remoteEpMax":"0","remoteEpMin":"0","remoteEpPer":"0","remoteEpRate":"0.000000","remoteEpSpct":"0","remoteEpThr":"","remoteEpTr":"0","remoteEpTrBase":"0","remoteNormalizedAvg":"0","remoteNormalizedLast":"0","remoteNormalizedMax":"0","remoteNormalizedMin":"0","remoteNormalizedSpct":"0","remoteNormalizedThr":"","remoteNormalizedTr":"0","remoteNormalizedTrBase":"0","remoteNormalizedTtl":"0","repIntvEnd":"2019-05-02T23:32:48.982+00:00","repIntvStart":"2019-05-02T23:29:58.977+00:00","rn":"CDeqptcapacityL2RemoteUsage5min","status":""}}},{"eqptcapacityL3UsageCap5min":{"attributes":{"childAction":"","cnt":"34","lastCollOffset":"170","modTs":"never","repIntvEnd":"2019-05-02T23:32:48.982+00:00","repIntvStart":"2019-05-02T23:29:58.977+00:00","rn":"CDeqptcapacityL3UsageCap5min","status":"","v4LocalEpCapAvg":"0","v4LocalEpCapBase":"0","v4LocalEpCapCum":"0","v4LocalEpCapLast":"0","v4LocalEpCapMax":"0","v4LocalEpCapMin":"0","v4LocalEpCapPer":"0","v4LocalEpCapRate":"0.000000","v4LocalEpCapSpct":"0","v4LocalEpCapThr":"","v4LocalEpCapTr":"0","v4LocalEpCapTrBase":"0","v6LocalEpCapAvg":"0","v6LocalEpCapBase":"0","v6LocalEpCapCum":"0","v6LocalEpCapLast":"0","v6LocalEpCapMax":"0","v6LocalEpCapMin":"0","v6LocalEpCapPer":"0","v6LocalEpCapRate":"0.000000","v6LocalEpCapSpct":"0","v6LocalEpCapThr":"","v6LocalEpCapTr":"0","v6LocalEpCapTrBase":"0"}}},{"eqptcapacityL3RemoteUsageCap5min":{"attributes":{"childAction":"","cnt":"34","lastCollOffset":"170","modTs":"never","repIntvEnd":"2019-05-02T23:32:48.982+00:00","repIntvStart":"2019-05-02T23:29:58.977+00:00","rn":"CDeqptcapacityL3RemoteUsageCap5min","status":"","v4RemoteEpCapAvg":"0","v4RemoteEpCapBase":"0","v4RemoteEpCapCum":"0","v4RemoteEpCapLast":"0","v4RemoteEpCapMax":"0","v4RemoteEpCapMin":"0","v4RemoteEpCapPer":"0","v4RemoteEpCapRate":"0.000000","v4RemoteEpCapSpct":"0","v4RemoteEpCapThr":"","v4RemoteEpCapTr":"0","v4RemoteEpCapTrBase":"0","v6RemoteEpCapAvg":"0","v6RemoteEpCapBase":"0","v6RemoteEpCapCum":"0","v6RemoteEpCapLast":"0","v6RemoteEpCapMax":"0","v6RemoteEpCapMin":"0","v6RemoteEpCapPer":"0","v6RemoteEpCapRate":"0.000000","v6RemoteEpCapSpct":"0","v6RemoteEpCapThr":"","v6RemoteEpCapTr":"0","v6RemoteEpCapTrBase":"0"}}},{"eqptcapacityL3Usage5min":{"attributes":{"childAction":"","cnt":"34","lastCollOffset":"170","localEpAvg":"0","localEpBase":"0","localEpCum":"0","localEpLast":"0","localEpMax":"0","localEpMin":"0","localEpPer":"0","localEpRate":"0.000000","localEpSpct":"0","localEpThr":"","localEpTr":"0","localEpTrBase":"0","modTs":"never","repIntvEnd":"2019-05-02T23:32:48.982+00:00","repIntvStart":"2019-05-02T23:29:58.977+00:00","rn":"CDeqptcapacityL3Usage5min","status":"","v4LocalEpAvg":"0","v4LocalEpBase":"0","v4LocalEpCum":"0","v4LocalEpLast":"0","v4LocalEpMax":"0","v4LocalEpMin":"0","v4LocalEpPer":"0","v4LocalEpRate":"0.000000","v4LocalEpSpct":"0","v4LocalEpThr":"","v4LocalEpTr":"0","v4LocalEpTrBase":"0","v6LocalEpAvg":"0","v6LocalEpBase":"0","v6LocalEpCum":"0","v6LocalEpLast":"0","v6LocalEpMax":"0","v6LocalEpMin":"0","v6LocalEpPer":"0","v6LocalEpRate":"0.000000","v6LocalEpSpct":"0","v6LocalEpThr":"","v6LocalEpTr":"0","v6LocalEpTrBase":"0"}}},{"eqptcapacityL3TotalUsageCap5min":{"attributes":{"childAction":"","cnt":"34","lastCollOffset":"170","modTs":"never","repIntvEnd":"2019-05-02T23:32:48.982+00:00","repIntvStart":"2019-05-02T23:29:58.977+00:00","rn":"CDeqptcapacityL3TotalUsageCap5min","status":"","v4TotalEpCapAvg":"0","v4TotalEpCapBase":"0","v4TotalEpCapCum":"0","v4TotalEpCapLast":"0","v4TotalEpCapMax":"0","v4TotalEpCapMin":"0","v4TotalEpCapPer":"0","v4TotalEpCapRate":"0.000000","v4TotalEpCapSpct":"0","v4TotalEpCapThr":"","v4TotalEpCapTr":"0","v4TotalEpCapTrBase":"0","v6TotalEpCapAvg":"0","v6TotalEpCapBase":"0","v6TotalEpCapCum":"0","v6TotalEpCapLast":"0","v6TotalEpCapMax":"0","v6TotalEpCapMin":"0","v6TotalEpCapPer":"0","v6TotalEpCapRate":"0.000000","v6TotalEpCapSpct":"0","v6TotalEpCapThr":"","v6TotalEpCapTr":"0","v6TotalEpCapTrBase":"0"}}}]}}]