[{"fvCtx":{"attributes":{"annotation":"","bdEnforcedEnable":"no","childAction":"","descr":"","dn":"uni/tn-infra/ctx-ave-ctrl","extMngdBy":"","knwMcastAct":"permit","lcOwn":"local","modTs":"2018-10-01T11:51:12.614+00:00","monPolDn":"uni/tn-common/monepg-default","name":"ave-ctrl","nameAlias":"","ownerKey":"","ownerTag":"","pcEnfDir":"egress","pcEnfDirUpdated":"yes","pcEnfPref":"enforced","pcTag":"49153","scope":"2097153","seg":"2097153","status":"","uid":"0"}}},{"fvCtx":{"attributes":{"annotation":"","bdEnforcedEnable":"no","childAction":"","descr":"","dn":"uni/tn-infra/ctx-overlay-1","extMngdBy":"","knwMcastAct":"permit","lcOwn":"local","modTs":"2018-01-10T18:09:56.210+00:00","monPolDn":"uni/tn-common/monepg-default","name":"overlay-1","nameAlias":"","ownerKey":"","ownerTag":"","pcEnfDir":"ingress","pcEnfDirUpdated":"yes","pcEnfPref":"enforced","pcTag":"32770","scope":"16777199","seg":"16777199","status":"","uid":"0"}}},{"fvCtx":{"attributes":{"annotation":"","bdEnforcedEnable":"no","childAction":"","descr":"","dn":"uni/tn-common/ctx-default","extMngdBy":"","knwMcastAct":"permit","lcOwn":"local","modTs":"2018-01-10T18:09:56.268+00:00","monPolDn":"uni/tn-common/monepg-default","name":"default","nameAlias":"","ownerKey":"","ownerTag":"","pcEnfDir":"ingress","pcEnfDirUpdated":"yes","pcEnfPref":"enforced","pcTag":"32770","scope":"2981888","seg":"2981888","status":"","uid":"0"}}},{"fvCtx":{"attributes":{"annotation":"","bdEnforcedEnable":"no","childAction":"","descr":"","dn":"uni/tn-common/ctx-copy","extMngdBy":"","knwMcastAct":"permit","lcOwn":"local","modTs":"2018-01-10T18:09:56.268+00:00","monPolDn":"uni/tn-common/monepg-default","name":"copy","nameAlias":"","ownerKey":"","ownerTag":"","pcEnfDir":"ingress","pcEnfDirUpdated":"yes","pcEnfPref":"enforced","pcTag":"49153","scope":"2490368","seg":"2490368","status":"","uid":"0"}}},{"fvCtx":{"attributes":{"annotation":"","bdEnforcedEnable":"no","childAction":"","descr":"","dn":"uni/tn-mgmt/ctx-oob","extMngdBy":"","knwMcastAct":"permit","lcOwn":"local","modTs":"2018-03-29T15:16:45.391+00:00","monPolDn":"uni/tn-common/monepg-default","name":"oob","nameAlias":"","ownerKey":"","ownerTag":"","pcEnfDir":"ingress","pcEnfDirUpdated":"yes","pcEnfPref":"unenforced","pcTag":"16386","scope":"2981889","seg":"2981889","status":"","uid":"0"}}},{"fvCtx":{"attributes":{"annotation":"","bdEnforcedEnable":"no","childAction":"","descr":"","dn":"uni/tn-mgmt/ctx-inb","extMngdBy":"","knwMcastAct":"permit","lcOwn":"local","modTs":"2018-01-10T18:09:56.283+00:00","monPolDn":"uni/tn-common/monepg-default","name":"inb","nameAlias":"","ownerKey":"","ownerTag":"","pcEnfDir":"ingress","pcEnfDirUpdated":"yes","pcEnfPref":"enforced","pcTag":"49153","scope":"2883584","seg":"2883584","status":"","uid":"0"}}},{"fvCtx":{"attributes":{"annotation":"","bdEnforcedEnable":"no","childAction":"","descr":"","dn":"uni/tn-Tenant3/ctx-Database","extMngdBy":"","knwMcastAct":"permit","lcOwn":"local","modTs":"2018-04-01T00:54:47.731+00:00","monPolDn":"uni/tn-common/monepg-default","name":"Database","nameAlias":"","ownerKey":"","ownerTag":"","pcEnfDir":"ingress","pcEnfDirUpdated":"yes","pcEnfPref":"enforced","pcTag":"32770","scope":"3112960","seg":"3112960","status":"","uid":"15374"}}},{"fvCtx":{"attributes":{"annotation":"","bdEnforcedEnable":"no","childAction":"","descr":"","dn":"uni/tn-Tenanant2/ctx-TEN2-VRF-WEB-SHARED","extMngdBy":"","knwMcastAct":"permit","lcOwn":"local","modTs":"2018-03-26T00:22:00.657+00:00","monPolDn":"uni/tn-common/monepg-default","name":"TEN2-VRF-WEB-SHARED","nameAlias":"","ownerKey":"","ownerTag":"","pcEnfDir":"ingress","pcEnfDirUpdated":"yes","pcEnfPref":"enforced","pcTag":"49153","scope":"2162688","seg":"2162688","status":"","uid":"15374"}}},{"fvCtx":{"attributes":{"annotation":"","bdEnforcedEnable":"no","childAction":"","descr":"","dn":"uni/tn-Tenanant2/ctx-VRF-TEN2","extMngdBy":"","knwMcastAct":"permit","lcOwn":"local","modTs":"2018-03-25T21:43:01.386+00:00","monPolDn":"uni/tn-common/monepg-default","name":"VRF-TEN2","nameAlias":"","ownerKey":"","ownerTag":"","pcEnfDir":"ingress","pcEnfDirUpdated":"yes","pcEnfPref":"enforced","pcTag":"49153","scope":"3080192","seg":"3080192","status":"","uid":"15374"}}},{"fvCtx":{"attributes":{"annotation":"","bdEnforcedEnable":"no","childAction":"","descr":"","dn":"uni/tn-Tenant1/ctx-VRF-TEN1","extMngdBy":"","knwMcastAct":"permit","lcOwn":"local","modTs":"2018-03-25T17:26:18.980+00:00","monPolDn":"uni/tn-common/monepg-default","name":"VRF-TEN1","nameAlias":"","ownerKey":"","ownerTag":"","pcEnfDir":"ingress","pcEnfDirUpdated":"yes","pcEnfPref":"enforced","pcTag":"32770","scope":"2523136","seg":"2523136","status":"","uid":"15374"}}},{"fvCtx":{"attributes":{"annotation":"","bdEnforcedEnable":"no","childAction":"","descr":"","dn":"uni/tn-Tenant1/ctx-VRF-TEN1-WEB","extMngdBy":"","knwMcastAct":"permit","lcOwn":"local","modTs":"2018-03-25T22:29:25.429+00:00","monPolDn":"uni/tn-common/monepg-default","name":"VRF-TEN1-WEB","nameAlias":"","ownerKey":"","ownerTag":"","pcEnfDir":"ingress","pcEnfDirUpdated":"yes","pcEnfPref":"enforced","pcTag":"16386","scope":"3047424","seg":"3047424","status":"","uid":"15374"}}},{"fvCtx":{"attributes":{"annotation":"","bdEnforcedEnable":"no","childAction":"","descr":"","dn":"uni/tn-My-Tenant/ctx-My-VRF","extMngdBy":"","knwMcastAct":"permit","lcOwn":"local","modTs":"2019-02-19T12:19:14.305+00:00","monPolDn":"uni/tn-common/monepg-default","name":"My-VRF","nameAlias":"","ownerKey":"","ownerTag":"","pcEnfDir":"ingress","pcEnfDirUpdated":"yes","pcEnfPref":"unenforced","pcTag":"16386","scope":"2916352","seg":"2916352","status":"","uid":"15374"}}},{"fvCtx":{"attributes":{"annotation":"","bdEnforcedEnable":"no","childAction":"","descr":"","dn":"uni/tn-common/ctx-HC-VRF-COMMON","extMngdBy":"","knwMcastAct":"permit","lcOwn":"local","modTs":"2018-03-29T21:30:26.320+00:00","monPolDn":"uni/tn-common/monepg-default","name":"HC-VRF-COMMON","nameAlias":"","ownerKey":"","ownerTag":"","pcEnfDir":"ingress","pcEnfDirUpdated":"yes","pcEnfPref":"enforced","pcTag":"49153","scope":"2785281","seg":"2785281","status":"","uid":"15374"}}},{"fvCtx":{"attributes":{"annotation":"","bdEnforcedEnable":"no","childAction":"","descr":"","dn":"uni/tn-common/ctx-nh-common","extMngdBy":"","knwMcastAct":"permit","lcOwn":"local","modTs":"2018-03-27T18:03:54.598+00:00","monPolDn":"uni/tn-common/monepg-default","name":"nh-common","nameAlias":"","ownerKey":"","ownerTag":"","pcEnfDir":"ingress","pcEnfDirUpdated":"yes","pcEnfPref":"unenforced","pcTag":"32770","scope":"2293760","seg":"2293760","status":"","uid":"15374"}}},{"fvCtx":{"attributes":{"annotation":"","bdEnforcedEnable":"no","childAction":"","descr":"","dn":"uni/tn-test123/ctx-test-vrf","extMngdBy":"","knwMcastAct":"permit","lcOwn":"local","modTs":"2018-02-28T12:42:54.044+00:00","monPolDn":"uni/tn-common/monepg-default","name":"test-vrf","nameAlias":"","ownerKey":"","ownerTag":"","pcEnfDir":"ingress","pcEnfDirUpdated":"yes","pcEnfPref":"enforced","pcTag":"32770","scope":"2719744","seg":"2719744","status":"","uid":"15374"}}},{"fvCtx":{"attributes":{"annotation":"","bdEnforcedEnable":"no","childAction":"","descr":"","dn":"uni/tn-nh/ctx-vrf-a","extMngdBy":"","knwMcastAct":"permit","lcOwn":"local","modTs":"2019-04-04T17:00:04.128+00:00","monPolDn":"uni/tn-common/monepg-default","name":"vrf-a","nameAlias":"","ownerKey":"","ownerTag":"","pcEnfDir":"ingress","pcEnfDirUpdated":"yes","pcEnfPref":"unenforced","pcTag":"16386","scope":"2260992","seg":"2260992","status":"","uid":"15374"}}},{"fvCtx":{"attributes":{"annotation":"","bdEnforcedEnable":"yes","childAction":"","descr":"","dn":"uni/tn-jh-a/ctx-vrf-a","extMngdBy":"","knwMcastAct":"permit","lcOwn":"local","modTs":"2019-04-18T14:16:59.760+00:00","monPolDn":"uni/tn-common/monepg-default","name":"vrf-a","nameAlias":"","ownerKey":"","ownerTag":"","pcEnfDir":"ingress","pcEnfDirUpdated":"yes","pcEnfPref":"enforced","pcTag":"32770","scope":"2555904","seg":"2555904","status":"","uid":"15374"}}}]